Backer Number,Backer UID,Backer Name,Email,Shipping Country,Shipping Amount,Reward Title,Backing Minimum,Reward ID,Bonus Support,Pledge Amount,Amount Due,Amount Paid,Pledged At (UTC),Late Pledge,Pledge Over Time,Fulfillment Status,Pledged Status,Notes,[Addon: 10832730] Lanterns Set - Digital,[Addon: 10832679] Kitsune Miniature - Digital,[Addon: 10832683] Tanuki Miniature - Digital,[Addon: 10832686] Tengu Miniature - Digital,[Addon: 10832692] Yurei Miniature - Digital,[Addon: 10832703] Ame Onna Miniature - Digital,[Addon: 10832707] Nure Onna Miniature - Digital,[Addon: 10832803] Torii Set - Digital,[Addon: 10832805] Zen Garden - Digital,[Addon: 10832875] Ultimate Wooden Walls Set - Digital,[Addon: 10832688] Kappa Miniatures - Digital,[Addon: 10832736] Bridges Set - Digital,[Addon: 10832852] Sumo Ring - Digital,[Addon: 10832897] Ruined Hut - Digital,[Addon: 10832676] Oni Miniature - Digital,[Addon: 10832741] Ponds Set - Digital,[Addon: 10832776] Castle Gate Corner Towers Set - Digital,[Addon: 10832824] Teahouse - Digital,[Addon: 10832865] Ultimate Stone Walls Set - Digital,[Addon: 10832904] Farmyard Set - Digital,[Addon: 10832911] Market Stalls Set - Digital,[Addon: 10832685] Tanuki Miniature - Physical,[Addon: 10832696] Yurei Miniature - Physical,[Addon: 10832699] Itsumade Miniature - Digital,[Addon: 10832710] Jubokku Miniature - Digital,[Addon: 10832780] Castle Gate Tower - Digital,[Addon: 10832773] Ultimate Castle Walls Set - Digital,[Addon: 10832682] Kitsune Miniature - Physical,[Addon: 10832715] Tsuchigumo Miniature - Digital,[Addon: 10832893] Farmhouse Set - Digital,[Addon: 10832797] Small Torii - Physical,[Addon: 10832816] Temple Pagoda - Digital,[Addon: 10832687] Tengu Miniature - Physical,[Addon: 10832706] Ame Onna Miniature - Physical,[Addon: 10832708] Nure Onna Miniature - Physical,[Addon: 10832860] Shrine Set - Digital,[Addon: 10832731] Lanterns Set - Physical,[Addon: 10832798] Large Torii - Physical,[Addon: 10832691] Kappa Miniatures - Physical,[Addon: 10832719] Gashadokuro Miniature - Digital,[Addon: 10532069] Iron Lotus Clan - Digital,[Addon: 10532088] Broken Blade Brotherhood - Digital,[Addon: 10555263] Crimson Shadows Gang - Digital,[Addon: 10555264] Whispering Wind Clan - Digital,[Addon: 10832677] Oni Miniature - Physical,[Addon: 10832811] Zen Garden - Physical,[Addon: 10832898] Ruined Hut - Physical,[Addon: 10832702] Itsumade Miniature - Physical,[Addon: 10832714] Jubokku Miniature - Physical,[Addon: 10832743] Ponds Set - Physical,[Addon: 10832884] Farmhouse Variation 1 - Physical,[Addon: 10832716] Tsuchigumo Miniature - Physical,[Addon: 10832889] Farmhouse Variation 2 - Physical,[Addon: 10832771] Castle - Digital,[Addon: 10832738] Bridges Set - Physical,[Addon: 10832777] Castle Gate Corner Towers Set - Physical,[Addon: 10832857] Sumo Ring - Physical,[Addon: 10832721] Gashadokuro Miniature - Physical,[Addon: 10832909] Farmyard Set - Physical,[Addon: 10831556] Broken Blade Brotherhood - Physical,[Addon: 10831559] Crimson Shadows Gang - Physical,[Addon: 10831562] Iron Lotus Clan - Physical,[Addon: 10831567] Whispering Wind Clan - Physical,[Addon: 10832669] Yokai Set - Digital,[Addon: 10832828] Teahouse - Physical,[Addon: 10832783] Castle Gate Tower - Physical,[Addon: 10832912] Market Stalls Set - Physical,[Addon: 10832673] Yokai Set - Physical,[Addon: 10832879] Ultimate Wooden Walls Set - Physical,[Addon: 10832868] Ultimate Stone Walls Set - Physical,[Addon: 10832862] Shrine Set - Physical,[Addon: 10832820] Temple Pagoda - Physical,[Addon: 10832772] Castle - Physical,[Addon: 10832774] Ultimate Castle Walls Set - Physical,Access to Add-ons,Shoshin: The Path of Ascension Collector's Edition Rulebook,Shoshin: The Path of Ascension Boxset,Starter Clan (Digital),Starter Clan (Physical),Yokai Set (Digital),Yokai Set (Physical),Lanterns Set - Digital,Kitsune Miniature - Digital,Tanuki Miniature - Digital,Tengu Miniature - Digital,Yurei Miniature - Digital,Ame Onna Miniature - Digital,Nure Onna Miniature - Digital,Torii Set - Digital,Zen Garden - Digital,Ultimate Wooden Walls Set - Digital,Kappa Miniature - Digital,Bridges Set - Digital,Sumo Ring - Digital,Ruined Hut - Digital,Oni Miniature - Digital,Ponds Set - Digital,Castle Gate Tower Corners Set - Digital,Teahouse - Digital,Ultimate Stone Walls Set - Digital,Farmyard Set - Digital,Market Stalls Set - Digital,Tanuki Miniature - Physical,Yurei Miniature - Physical,Itsumade Miniature - Digital,Jubokku Miniature - Digital,Castle Gate Tower - Digital,Ultimate Castle Walls Set - Digital,Kitsune Miniature - Physical,Tsuchigumo Miniature - Digital,Farmhouse Set - Digital,Small Torii - Physical,Temple Pagoda - Digital,Tengu Miniature - Physical,Ame Onna Miniature - Physical,Nure Onna Miniature - Physical,Shrine Set - Digital,Lanterns Set - Physical,Large Torii - Physical,Kappa Miniature - Physical,Gashadokuro Miniature - Digital,Oni Miniature - Physical,Zen Garden - Physical,Ruined Hut - Physical,Itsumade Miniature - Physical,Jubokku Miniature - Physical,Ponds Set - Physical,Farmhouse Variation 1 - Physical,Tsuchigumo Miniature - Physical,Farmhouse Variation 2 - Physical,Castle - Digital,Bridges Set - Physical,Castle Gate Tower - Physical,Sumo Ring - Physical,Gashadokuro Miniature - Physical,Farmyard Set - Physical,Teahouse - Physical,Market Stalls Set - Physical,Ultimate Wooden Walls Set - Physical,Ultimate Stone Walls Set - Physical,Shrine Set - Physical,Temple Pagoda - Physical,Castle - Physical,Ultimate Castle Walls Set - Physical,Survey Response (UTC),Shipping Name,Shipping Address 1,Shipping Address 2,Shipping City,Shipping State,Shipping Postal Code,Shipping Country Name,Shipping Country Code,Shipping Phone Number,Shipping Delivery Notes,AccesstoAddons SKU,AccesstoAddons Count,ShoshinThePath SKU,ShoshinThePath Count,ShoshinThePath1 SKU,ShoshinThePath1 Count,StarterClanDigital SKU,StarterClanDigital Count,StarterClanPhysical SKU,StarterClanPhysical Count,YokaiSetDigital SKU,YokaiSetDigital Count,YokaiSetPhysical SKU,YokaiSetPhysical Count,OniMiniatureDigital SKU,OniMiniatureDigital Count,OniMiniaturePhysical SKU,OniMiniaturePhysical Count,KitsuneMiniatureDigital SKU,KitsuneMiniatureDigital Count,KitsuneMiniaturePhysical SKU,KitsuneMiniaturePhysical Count,TanukiMiniatureDigital SKU,TanukiMiniatureDigital Count,TanukiMiniaturePhysical SKU,TanukiMiniaturePhysical Count,TenguMiniatureDigital SKU,TenguMiniatureDigital Count,TenguMiniaturePhysical SKU,TenguMiniaturePhysical Count,KappaMiniatureDigital SKU,KappaMiniatureDigital Count,KappaMiniaturePhysical SKU,KappaMiniaturePhysical Count,YureiMiniatureDigital SKU,YureiMiniatureDigital Count,YureiMiniaturePhysical SKU,YureiMiniaturePhysical Count,ItsumadeMiniatureDigital SKU,ItsumadeMiniatureDigital Count,ItsumadeMiniaturePhysical SKU,ItsumadeMiniaturePhysical Count,AmeOnnaMiniature SKU,AmeOnnaMiniature Count,AmeOnnaMiniature1 SKU,AmeOnnaMiniature1 Count,NureOnnaMiniature SKU,NureOnnaMiniature Count,NureOnnaMiniature1 SKU,NureOnnaMiniature1 Count,JubokkuMiniatureDigital SKU,JubokkuMiniatureDigital Count,JubokkuMiniaturePhysical SKU,JubokkuMiniaturePhysical Count,TsuchigumoMiniatureDigital SKU,TsuchigumoMiniatureDigital Count,TsuchigumoMiniaturePhysical SKU,TsuchigumoMiniaturePhysical Count,GashadokuroMiniatureDigital SKU,GashadokuroMiniatureDigital Count,GashadokuroMiniaturePhysical SKU,GashadokuroMiniaturePhysical Count,CastleDigital SKU,CastleDigital Count,CastlePhysical SKU,CastlePhysical Count,UltimateCastleWalls SKU,UltimateCastleWalls Count,UltimateCastleWalls1 SKU,UltimateCastleWalls1 Count,CastleGateTower SKU,CastleGateTower Count,CastleGateTower1 SKU,CastleGateTower1 Count,CastleGateTower2 SKU,CastleGateTower2 Count,CastleGateTower3 SKU,CastleGateTower3 Count,LanternsSetDigital SKU,LanternsSetDigital Count,LanternsSetPhysical SKU,LanternsSetPhysical Count,BridgesSetDigital SKU,BridgesSetDigital Count,BridgesSetPhysical SKU,BridgesSetPhysical Count,PondsSetDigital SKU,PondsSetDigital Count,PondsSetPhysical SKU,PondsSetPhysical Count,SmallToriiPhysical SKU,SmallToriiPhysical Count,LargeToriiPhysical SKU,LargeToriiPhysical Count,ZenGardenDigital SKU,ZenGardenDigital Count,ZenGardenPhysical SKU,ZenGardenPhysical Count,TemplePagodaDigital SKU,TemplePagodaDigital Count,TemplePagodaPhysical SKU,TemplePagodaPhysical Count,TeahouseDigital SKU,TeahouseDigital Count,TeahousePhysical SKU,TeahousePhysical Count,SumoRingDigital SKU,SumoRingDigital Count,SumoRingPhysical SKU,SumoRingPhysical Count,ShrineSetDigital SKU,ShrineSetDigital Count,ShrineSetPhysical SKU,ShrineSetPhysical Count,UltimateStoneWalls SKU,UltimateStoneWalls Count,UltimateStoneWalls1 SKU,UltimateStoneWalls1 Count,UltimateWoodenWalls SKU,UltimateWoodenWalls Count,UltimateWoodenWalls1 SKU,UltimateWoodenWalls1 Count,FarmhouseVariation1 SKU,FarmhouseVariation1 Count,FarmhouseSetDigital SKU,FarmhouseSetDigital Count,ToriiSetDigital SKU,ToriiSetDigital Count,FarmhouseVariation2 SKU,FarmhouseVariation2 Count,RuinedHutDigital SKU,RuinedHutDigital Count,RuinedHutPhysical SKU,RuinedHutPhysical Count,FarmyardSetDigital SKU,FarmyardSetDigital Count,FarmyardSetPhysical SKU,FarmyardSetPhysical Count,MarketStallsSet SKU,MarketStallsSet Count,MarketStallsSet1 SKU,MarketStallsSet1 Count,"Please confirm the email address where you want to receive digital files, updates, and future communications. For digital files downloads, you will receive access to MyMiniFactory and 3D AlienWorlds.

You can skip this if you only pledged bonus support.","What name did you use on Kickstarter? (This helps us clarify partial names for later shipping.)

You can skip this if you only pledged bonus support.","What region will your physical rewards be shipped to? (We will collect final addresses closer to fulfillment.)

You can skip this if you only pledged bonus support or digitial files only.","Are you receiving miniatures in physical format, digital STL format, or both?",Pledge Total Refunded,Pledge Manager Total Refunded
1,1504816311,Ron James,silently@earthlink.net,US,$0.00,Heaven's Will - Physical,$624.00,10831509,$0.00,$624.00,$0.00,$624.00,"2025/10/23, 20:01",false,false,Not provided,collected,,0,0,0,0,0,0,0,0,0,0,0,0,0,0,0,0,0,0,0,0,0,0,0,0,0,0,0,0,0,0,0,0,0,0,0,0,0,0,0,0,0,0,0,0,0,0,0,0,0,0,0,0,0,0,0,0,0,0,0,0,0,0,0,0,0,0,0,0,0,0,0,0,0,0,1,0,1,0,4,0,1,0,0,0,0,0,0,0,0,0,0,0,0,0,0,0,0,0,0,0,0,0,0,0,0,0,0,0,0,0,0,0,0,0,0,0,0,0,0,0,0,0,0,0,0,0,0,0,0,0,0,0,0,0,0,0,0,0,0,0,0,0,0,0,"2025/12/10, 18:52",Ronald E James,1100 W 4th St Trlr 34,"",North Manchester,IN,46962-1388,United States,US,2609826760,,AccesstoAddons,1,ShoshinThePath,0,ShoshinThePath1,1,StarterClanDigital,0,StarterClanPhysical,4,YokaiSetDigital,0,YokaiSetPhysical,1,OniMiniatureDigital,0,OniMiniaturePhysical,0,KitsuneMiniatureDigital,0,KitsuneMiniaturePhysical,0,TanukiMiniatureDigital,0,TanukiMiniaturePhysical,0,TenguMiniatureDigital,0,TenguMiniaturePhysical,0,KappaMiniatureDigital,0,KappaMiniaturePhysical,0,YureiMiniatureDigital,0,YureiMiniaturePhysical,0,ItsumadeMiniatureDigital,0,ItsumadeMiniaturePhysical,0,AmeOnnaMiniature,0,AmeOnnaMiniature1,0,NureOnnaMiniature,0,NureOnnaMiniature1,0,JubokkuMiniatureDigital,0,JubokkuMiniaturePhysical,0,TsuchigumoMiniatureDigital,0,TsuchigumoMiniaturePhysical,0,GashadokuroMiniatureDigital,0,GashadokuroMiniaturePhysical,0,CastleDigital,0,CastlePhysical,0,UltimateCastleWalls,0,UltimateCastleWalls1,0,CastleGateTower,0,CastleGateTower1,0,CastleGateTower2,0,CastleGateTower3,0,LanternsSetDigital,0,LanternsSetPhysical,0,BridgesSetDigital,0,BridgesSetPhysical,0,PondsSetDigital,0,PondsSetPhysical,0,SmallToriiPhysical,0,LargeToriiPhysical,0,ZenGardenDigital,0,ZenGardenPhysical,0,TemplePagodaDigital,0,TemplePagodaPhysical,0,TeahouseDigital,0,TeahousePhysical,0,SumoRingDigital,0,SumoRingPhysical,0,ShrineSetDigital,0,ShrineSetPhysical,0,UltimateStoneWalls,0,UltimateStoneWalls1,0,UltimateWoodenWalls,0,UltimateWoodenWalls1,0,FarmhouseVariation1,0,FarmhouseSetDigital,0,ToriiSetDigital,0,FarmhouseVariation2,0,RuinedHutDigital,0,RuinedHutPhysical,0,FarmyardSetDigital,0,FarmyardSetPhysical,0,MarketStallsSet,0,MarketStallsSet1,0,silently@earthlink.net,Ron James,United States,Physical miniatures only,$0.00,
4,414846218,A.J. Reardon,Fredtinkleman@aol.com,US,$0.00,Path of Ascension - Early Bird Special,$80.00,10834121,$0.00,$80.00,$0.00,$80.00,"2025/10/23, 20:09",false,false,Not provided,collected,,0,0,0,0,0,0,0,0,0,0,0,0,0,0,0,0,0,0,0,0,0,0,0,0,0,0,0,0,0,0,0,0,0,0,0,0,0,0,0,0,0,0,0,0,0,0,0,0,0,0,0,0,0,0,0,0,0,0,0,0,0,0,0,0,0,0,0,0,0,0,0,0,0,0,1,0,1,0,0,0,0,0,0,0,0,0,0,0,0,0,0,0,0,0,0,0,0,0,0,0,0,0,0,0,0,0,0,0,0,0,0,0,0,0,0,0,0,0,0,0,0,0,0,0,0,0,0,0,0,0,0,0,0,0,0,0,0,0,0,0,0,0,0,0,"2025/12/10, 17:49",A.J Reardon,42 Clearland Ave,"",Carle Place,NY,11514-1411,United States,US,5163820835,,AccesstoAddons,1,ShoshinThePath,0,ShoshinThePath1,1,StarterClanDigital,0,StarterClanPhysical,0,YokaiSetDigital,0,YokaiSetPhysical,0,OniMiniatureDigital,0,OniMiniaturePhysical,0,KitsuneMiniatureDigital,0,KitsuneMiniaturePhysical,0,TanukiMiniatureDigital,0,TanukiMiniaturePhysical,0,TenguMiniatureDigital,0,TenguMiniaturePhysical,0,KappaMiniatureDigital,0,KappaMiniaturePhysical,0,YureiMiniatureDigital,0,YureiMiniaturePhysical,0,ItsumadeMiniatureDigital,0,ItsumadeMiniaturePhysical,0,AmeOnnaMiniature,0,AmeOnnaMiniature1,0,NureOnnaMiniature,0,NureOnnaMiniature1,0,JubokkuMiniatureDigital,0,JubokkuMiniaturePhysical,0,TsuchigumoMiniatureDigital,0,TsuchigumoMiniaturePhysical,0,GashadokuroMiniatureDigital,0,GashadokuroMiniaturePhysical,0,CastleDigital,0,CastlePhysical,0,UltimateCastleWalls,0,UltimateCastleWalls1,0,CastleGateTower,0,CastleGateTower1,0,CastleGateTower2,0,CastleGateTower3,0,LanternsSetDigital,0,LanternsSetPhysical,0,BridgesSetDigital,0,BridgesSetPhysical,0,PondsSetDigital,0,PondsSetPhysical,0,SmallToriiPhysical,0,LargeToriiPhysical,0,ZenGardenDigital,0,ZenGardenPhysical,0,TemplePagodaDigital,0,TemplePagodaPhysical,0,TeahouseDigital,0,TeahousePhysical,0,SumoRingDigital,0,SumoRingPhysical,0,ShrineSetDigital,0,ShrineSetPhysical,0,UltimateStoneWalls,0,UltimateStoneWalls1,0,UltimateWoodenWalls,0,UltimateWoodenWalls1,0,FarmhouseVariation1,0,FarmhouseSetDigital,0,ToriiSetDigital,0,FarmhouseVariation2,0,RuinedHutDigital,0,RuinedHutPhysical,0,FarmyardSetDigital,0,FarmyardSetPhysical,0,MarketStallsSet,0,MarketStallsSet1,0,Fredtinkleman@aol.com,A.J. Reardon,United States,Physical miniatures only,$0.00,
5,1124677295,Nathan Keczmer,midnattblod97@gmail.com,US,$0.00,Spiritual Awakening Early Bird Physical,$348.00,10834140,$0.00,$348.00,$0.00,$348.00,"2025/10/23, 20:10",false,false,Not provided,collected,,0,0,0,0,0,0,0,0,0,0,0,0,0,0,0,0,0,0,0,0,0,0,0,0,0,0,0,0,0,0,1,0,0,0,0,0,0,0,0,0,0,0,0,0,0,0,0,0,0,0,0,0,0,0,0,0,0,0,0,0,0,0,0,0,0,0,0,0,0,0,0,0,0,0,1,0,1,0,1,0,1,0,0,0,0,0,0,0,0,0,0,0,0,0,0,0,0,0,0,0,0,0,0,0,0,0,0,0,0,0,0,1,0,0,0,0,0,0,0,0,0,0,0,0,0,0,0,0,0,0,0,0,0,0,0,0,0,0,0,0,0,0,0,0,"2025/12/10, 18:54",Nathan Keczmer,1057 S Imperial Dr,"",Hartland,WI,53029-2739,United States,US,"",,AccesstoAddons,1,ShoshinThePath,0,ShoshinThePath1,1,StarterClanDigital,0,StarterClanPhysical,1,YokaiSetDigital,0,YokaiSetPhysical,1,OniMiniatureDigital,0,OniMiniaturePhysical,0,KitsuneMiniatureDigital,0,KitsuneMiniaturePhysical,0,TanukiMiniatureDigital,0,TanukiMiniaturePhysical,0,TenguMiniatureDigital,0,TenguMiniaturePhysical,0,KappaMiniatureDigital,0,KappaMiniaturePhysical,0,YureiMiniatureDigital,0,YureiMiniaturePhysical,0,ItsumadeMiniatureDigital,0,ItsumadeMiniaturePhysical,0,AmeOnnaMiniature,0,AmeOnnaMiniature1,0,NureOnnaMiniature,0,NureOnnaMiniature1,0,JubokkuMiniatureDigital,0,JubokkuMiniaturePhysical,0,TsuchigumoMiniatureDigital,0,TsuchigumoMiniaturePhysical,0,GashadokuroMiniatureDigital,0,GashadokuroMiniaturePhysical,0,CastleDigital,0,CastlePhysical,0,UltimateCastleWalls,0,UltimateCastleWalls1,0,CastleGateTower,0,CastleGateTower1,0,CastleGateTower2,0,CastleGateTower3,0,LanternsSetDigital,0,LanternsSetPhysical,0,BridgesSetDigital,0,BridgesSetPhysical,0,PondsSetDigital,0,PondsSetPhysical,0,SmallToriiPhysical,1,LargeToriiPhysical,0,ZenGardenDigital,0,ZenGardenPhysical,0,TemplePagodaDigital,0,TemplePagodaPhysical,0,TeahouseDigital,0,TeahousePhysical,0,SumoRingDigital,0,SumoRingPhysical,0,ShrineSetDigital,0,ShrineSetPhysical,0,UltimateStoneWalls,0,UltimateStoneWalls1,0,UltimateWoodenWalls,0,UltimateWoodenWalls1,0,FarmhouseVariation1,0,FarmhouseSetDigital,0,ToriiSetDigital,0,FarmhouseVariation2,0,RuinedHutDigital,0,RuinedHutPhysical,0,FarmyardSetDigital,0,FarmyardSetPhysical,0,MarketStallsSet,0,MarketStallsSet1,0,midnattblod97@gmail.com,Nathan Keczmer,United States,Both digital and physical,$0.00,
6,144999842,Alan,supertallguy15@yahoo.com,US,$0.00,Heaven's Will - Early Bird Physical,$562.00,10834144,$0.00,$562.00,$187.34,$374.66,"2025/10/23, 20:12",false,true,Not provided,pledged,,0,0,0,0,0,0,0,0,0,0,0,0,0,0,0,0,0,0,0,0,0,0,0,0,0,0,0,0,0,0,0,0,0,0,0,0,0,0,0,0,0,0,0,0,0,0,0,0,0,0,0,0,0,0,0,0,0,0,0,0,0,0,0,0,0,0,0,0,0,0,0,0,0,0,1,0,1,0,4,0,1,0,0,0,0,0,0,0,0,0,0,0,0,0,0,0,0,0,0,0,0,0,0,0,0,0,0,0,0,0,0,0,0,0,0,0,0,0,0,0,0,0,0,0,0,0,0,0,0,0,0,0,0,0,0,0,0,0,0,0,0,0,0,0,"2025/12/10, 17:38",Alan Christiansen,1007 N 475 E,,Orem,UT,84097-3350,United States,US,+13852070457,,AccesstoAddons,1,ShoshinThePath,0,ShoshinThePath1,1,StarterClanDigital,0,StarterClanPhysical,4,YokaiSetDigital,0,YokaiSetPhysical,1,OniMiniatureDigital,0,OniMiniaturePhysical,0,KitsuneMiniatureDigital,0,KitsuneMiniaturePhysical,0,TanukiMiniatureDigital,0,TanukiMiniaturePhysical,0,TenguMiniatureDigital,0,TenguMiniaturePhysical,0,KappaMiniatureDigital,0,KappaMiniaturePhysical,0,YureiMiniatureDigital,0,YureiMiniaturePhysical,0,ItsumadeMiniatureDigital,0,ItsumadeMiniaturePhysical,0,AmeOnnaMiniature,0,AmeOnnaMiniature1,0,NureOnnaMiniature,0,NureOnnaMiniature1,0,JubokkuMiniatureDigital,0,JubokkuMiniaturePhysical,0,TsuchigumoMiniatureDigital,0,TsuchigumoMiniaturePhysical,0,GashadokuroMiniatureDigital,0,GashadokuroMiniaturePhysical,0,CastleDigital,0,CastlePhysical,0,UltimateCastleWalls,0,UltimateCastleWalls1,0,CastleGateTower,0,CastleGateTower1,0,CastleGateTower2,0,CastleGateTower3,0,LanternsSetDigital,0,LanternsSetPhysical,0,BridgesSetDigital,0,BridgesSetPhysical,0,PondsSetDigital,0,PondsSetPhysical,0,SmallToriiPhysical,0,LargeToriiPhysical,0,ZenGardenDigital,0,ZenGardenPhysical,0,TemplePagodaDigital,0,TemplePagodaPhysical,0,TeahouseDigital,0,TeahousePhysical,0,SumoRingDigital,0,SumoRingPhysical,0,ShrineSetDigital,0,ShrineSetPhysical,0,UltimateStoneWalls,0,UltimateStoneWalls1,0,UltimateWoodenWalls,0,UltimateWoodenWalls1,0,FarmhouseVariation1,0,FarmhouseSetDigital,0,ToriiSetDigital,0,FarmhouseVariation2,0,RuinedHutDigital,0,RuinedHutPhysical,0,FarmyardSetDigital,0,FarmyardSetPhysical,0,MarketStallsSet,0,MarketStallsSet1,0,Supertallguy15@yahoo.com,Alan,United States,Physical miniatures only,,
9,1494442155,Charles Staley,skriker@comcast.net,US,$0.00,Path of Ascension - Early Bird Special,$80.00,10834121,$0.00,$80.00,$0.00,$80.00,"2025/10/23, 20:17",false,false,Not provided,collected,,0,0,0,0,0,0,0,0,0,0,0,0,0,0,0,0,0,0,0,0,0,0,0,0,0,0,0,0,0,0,0,0,0,0,0,0,0,0,0,0,0,0,0,0,0,0,0,0,0,0,0,0,0,0,0,0,0,0,0,0,0,0,0,0,0,0,0,0,0,0,0,0,0,0,1,0,1,0,0,0,0,0,0,0,0,0,0,0,0,0,0,0,0,0,0,0,0,0,0,0,0,0,0,0,0,0,0,0,0,0,0,0,0,0,0,0,0,0,0,0,0,0,0,0,0,0,0,0,0,0,0,0,0,0,0,0,0,0,0,0,0,0,0,0,"2025/12/12, 23:43",Charles Staley,325 Wheatfield Cir,,Hatfield,PA,19440-3091,United States,US,+12157407839,,AccesstoAddons,1,ShoshinThePath,0,ShoshinThePath1,1,StarterClanDigital,0,StarterClanPhysical,0,YokaiSetDigital,0,YokaiSetPhysical,0,OniMiniatureDigital,0,OniMiniaturePhysical,0,KitsuneMiniatureDigital,0,KitsuneMiniaturePhysical,0,TanukiMiniatureDigital,0,TanukiMiniaturePhysical,0,TenguMiniatureDigital,0,TenguMiniaturePhysical,0,KappaMiniatureDigital,0,KappaMiniaturePhysical,0,YureiMiniatureDigital,0,YureiMiniaturePhysical,0,ItsumadeMiniatureDigital,0,ItsumadeMiniaturePhysical,0,AmeOnnaMiniature,0,AmeOnnaMiniature1,0,NureOnnaMiniature,0,NureOnnaMiniature1,0,JubokkuMiniatureDigital,0,JubokkuMiniaturePhysical,0,TsuchigumoMiniatureDigital,0,TsuchigumoMiniaturePhysical,0,GashadokuroMiniatureDigital,0,GashadokuroMiniaturePhysical,0,CastleDigital,0,CastlePhysical,0,UltimateCastleWalls,0,UltimateCastleWalls1,0,CastleGateTower,0,CastleGateTower1,0,CastleGateTower2,0,CastleGateTower3,0,LanternsSetDigital,0,LanternsSetPhysical,0,BridgesSetDigital,0,BridgesSetPhysical,0,PondsSetDigital,0,PondsSetPhysical,0,SmallToriiPhysical,0,LargeToriiPhysical,0,ZenGardenDigital,0,ZenGardenPhysical,0,TemplePagodaDigital,0,TemplePagodaPhysical,0,TeahouseDigital,0,TeahousePhysical,0,SumoRingDigital,0,SumoRingPhysical,0,ShrineSetDigital,0,ShrineSetPhysical,0,UltimateStoneWalls,0,UltimateStoneWalls1,0,UltimateWoodenWalls,0,UltimateWoodenWalls1,0,FarmhouseVariation1,0,FarmhouseSetDigital,0,ToriiSetDigital,0,FarmhouseVariation2,0,RuinedHutDigital,0,RuinedHutPhysical,0,FarmyardSetDigital,0,FarmyardSetPhysical,0,MarketStallsSet,0,MarketStallsSet1,0,skriker@comcast.net,Charles Staley,United States,"Not applicable to my pledge (Book, Boxset, Bonus Support)",$0.00,
10,1541778575,Adam Broussard,adambroussard9@gmail.com,US,$0.00,Path of Ascension - Early Bird Special,$80.00,10834121,$0.00,$80.00,$0.00,$80.00,"2025/10/23, 20:22",false,false,Not provided,collected,,0,0,0,0,0,0,0,0,0,0,0,0,0,0,0,0,0,0,0,0,0,0,0,0,0,0,0,0,0,0,0,0,0,0,0,0,0,0,0,0,0,0,0,0,0,0,0,0,0,0,0,0,0,0,0,0,0,0,0,0,0,0,0,0,0,0,0,0,0,0,0,0,0,0,1,0,1,0,0,0,0,0,0,0,0,0,0,0,0,0,0,0,0,0,0,0,0,0,0,0,0,0,0,0,0,0,0,0,0,0,0,0,0,0,0,0,0,0,0,0,0,0,0,0,0,0,0,0,0,0,0,0,0,0,0,0,0,0,0,0,0,0,0,0,"2025/12/10, 18:15",adam broussard,19583 Morris Pond Rd,,Gulfport,MS,39503-4574,United States,US,+12286978893,,AccesstoAddons,1,ShoshinThePath,0,ShoshinThePath1,1,StarterClanDigital,0,StarterClanPhysical,0,YokaiSetDigital,0,YokaiSetPhysical,0,OniMiniatureDigital,0,OniMiniaturePhysical,0,KitsuneMiniatureDigital,0,KitsuneMiniaturePhysical,0,TanukiMiniatureDigital,0,TanukiMiniaturePhysical,0,TenguMiniatureDigital,0,TenguMiniaturePhysical,0,KappaMiniatureDigital,0,KappaMiniaturePhysical,0,YureiMiniatureDigital,0,YureiMiniaturePhysical,0,ItsumadeMiniatureDigital,0,ItsumadeMiniaturePhysical,0,AmeOnnaMiniature,0,AmeOnnaMiniature1,0,NureOnnaMiniature,0,NureOnnaMiniature1,0,JubokkuMiniatureDigital,0,JubokkuMiniaturePhysical,0,TsuchigumoMiniatureDigital,0,TsuchigumoMiniaturePhysical,0,GashadokuroMiniatureDigital,0,GashadokuroMiniaturePhysical,0,CastleDigital,0,CastlePhysical,0,UltimateCastleWalls,0,UltimateCastleWalls1,0,CastleGateTower,0,CastleGateTower1,0,CastleGateTower2,0,CastleGateTower3,0,LanternsSetDigital,0,LanternsSetPhysical,0,BridgesSetDigital,0,BridgesSetPhysical,0,PondsSetDigital,0,PondsSetPhysical,0,SmallToriiPhysical,0,LargeToriiPhysical,0,ZenGardenDigital,0,ZenGardenPhysical,0,TemplePagodaDigital,0,TemplePagodaPhysical,0,TeahouseDigital,0,TeahousePhysical,0,SumoRingDigital,0,SumoRingPhysical,0,ShrineSetDigital,0,ShrineSetPhysical,0,UltimateStoneWalls,0,UltimateStoneWalls1,0,UltimateWoodenWalls,0,UltimateWoodenWalls1,0,FarmhouseVariation1,0,FarmhouseSetDigital,0,ToriiSetDigital,0,FarmhouseVariation2,0,RuinedHutDigital,0,RuinedHutPhysical,0,FarmyardSetDigital,0,FarmyardSetPhysical,0,MarketStallsSet,0,MarketStallsSet1,0,adambroussard9@gmail.com,Adam Broussard,United States,"Not applicable to my pledge (Book, Boxset, Bonus Support)",$0.00,
14,1061264035,Joshua Bohling,chaosjosh40k@gmail.com,US,$0.00,Spiritual Awakening - Early Bird Digital,$186.00,10834130,$0.00,$186.00,$62.00,$124.00,"2025/10/23, 20:57",false,true,Not provided,pledged,,0,0,0,0,0,0,0,0,0,0,0,0,0,0,0,0,0,0,0,0,0,0,0,0,0,0,0,0,0,0,0,0,0,0,0,0,0,0,0,0,0,0,0,0,0,0,0,0,0,0,0,0,0,0,0,0,0,0,0,0,0,0,0,0,0,0,0,0,0,0,0,0,0,0,1,0,1,1,0,1,0,0,0,0,0,0,0,0,0,0,0,0,0,0,0,0,0,0,0,0,0,0,0,0,0,0,0,0,0,0,0,0,0,0,0,0,0,0,0,0,0,0,0,0,0,0,0,0,0,0,0,0,0,0,0,0,0,0,0,0,0,0,0,0,"2025/12/10, 19:27",Joshua Bohling,235 Patterson St # B,"",Anchorage,AK,99504,United States,US,+19073460429,,AccesstoAddons,1,ShoshinThePath,0,ShoshinThePath1,1,StarterClanDigital,1,StarterClanPhysical,0,YokaiSetDigital,1,YokaiSetPhysical,0,OniMiniatureDigital,0,OniMiniaturePhysical,0,KitsuneMiniatureDigital,0,KitsuneMiniaturePhysical,0,TanukiMiniatureDigital,0,TanukiMiniaturePhysical,0,TenguMiniatureDigital,0,TenguMiniaturePhysical,0,KappaMiniatureDigital,0,KappaMiniaturePhysical,0,YureiMiniatureDigital,0,YureiMiniaturePhysical,0,ItsumadeMiniatureDigital,0,ItsumadeMiniaturePhysical,0,AmeOnnaMiniature,0,AmeOnnaMiniature1,0,NureOnnaMiniature,0,NureOnnaMiniature1,0,JubokkuMiniatureDigital,0,JubokkuMiniaturePhysical,0,TsuchigumoMiniatureDigital,0,TsuchigumoMiniaturePhysical,0,GashadokuroMiniatureDigital,0,GashadokuroMiniaturePhysical,0,CastleDigital,0,CastlePhysical,0,UltimateCastleWalls,0,UltimateCastleWalls1,0,CastleGateTower,0,CastleGateTower1,0,CastleGateTower2,0,CastleGateTower3,0,LanternsSetDigital,0,LanternsSetPhysical,0,BridgesSetDigital,0,BridgesSetPhysical,0,PondsSetDigital,0,PondsSetPhysical,0,SmallToriiPhysical,0,LargeToriiPhysical,0,ZenGardenDigital,0,ZenGardenPhysical,0,TemplePagodaDigital,0,TemplePagodaPhysical,0,TeahouseDigital,0,TeahousePhysical,0,SumoRingDigital,0,SumoRingPhysical,0,ShrineSetDigital,0,ShrineSetPhysical,0,UltimateStoneWalls,0,UltimateStoneWalls1,0,UltimateWoodenWalls,0,UltimateWoodenWalls1,0,FarmhouseVariation1,0,FarmhouseSetDigital,0,ToriiSetDigital,0,FarmhouseVariation2,0,RuinedHutDigital,0,RuinedHutPhysical,0,FarmyardSetDigital,0,FarmyardSetPhysical,0,MarketStallsSet,0,MarketStallsSet1,0,,,United States,Both digital and physical,,
15,1889097127,Michael Cameron Corlew,wannaoreo@gmail.com,US,$0.00,Path of Ascension - Early Bird Special,$80.00,10834121,$0.00,$80.00,$0.00,$80.00,"2025/10/23, 21:07",false,false,Not provided,collected,,0,0,0,0,0,0,0,0,0,0,0,0,0,0,0,0,0,0,0,0,0,0,0,0,0,0,0,0,0,0,0,0,0,0,0,0,0,0,0,0,0,0,0,0,0,0,0,0,0,0,0,0,0,0,0,0,0,0,0,0,0,0,0,0,0,0,0,0,0,0,0,0,0,0,1,0,1,0,0,0,0,0,0,0,0,0,0,0,0,0,0,0,0,0,0,0,0,0,0,0,0,0,0,0,0,0,0,0,0,0,0,0,0,0,0,0,0,0,0,0,0,0,0,0,0,0,0,0,0,0,0,0,0,0,0,0,0,0,0,0,0,0,0,0,"2025/12/10, 18:44",Michael Cameron Corlew,303 Wakefield Ln N,"",Martinez,GA,30907-8921,United States,US,4044216802,,AccesstoAddons,1,ShoshinThePath,0,ShoshinThePath1,1,StarterClanDigital,0,StarterClanPhysical,0,YokaiSetDigital,0,YokaiSetPhysical,0,OniMiniatureDigital,0,OniMiniaturePhysical,0,KitsuneMiniatureDigital,0,KitsuneMiniaturePhysical,0,TanukiMiniatureDigital,0,TanukiMiniaturePhysical,0,TenguMiniatureDigital,0,TenguMiniaturePhysical,0,KappaMiniatureDigital,0,KappaMiniaturePhysical,0,YureiMiniatureDigital,0,YureiMiniaturePhysical,0,ItsumadeMiniatureDigital,0,ItsumadeMiniaturePhysical,0,AmeOnnaMiniature,0,AmeOnnaMiniature1,0,NureOnnaMiniature,0,NureOnnaMiniature1,0,JubokkuMiniatureDigital,0,JubokkuMiniaturePhysical,0,TsuchigumoMiniatureDigital,0,TsuchigumoMiniaturePhysical,0,GashadokuroMiniatureDigital,0,GashadokuroMiniaturePhysical,0,CastleDigital,0,CastlePhysical,0,UltimateCastleWalls,0,UltimateCastleWalls1,0,CastleGateTower,0,CastleGateTower1,0,CastleGateTower2,0,CastleGateTower3,0,LanternsSetDigital,0,LanternsSetPhysical,0,BridgesSetDigital,0,BridgesSetPhysical,0,PondsSetDigital,0,PondsSetPhysical,0,SmallToriiPhysical,0,LargeToriiPhysical,0,ZenGardenDigital,0,ZenGardenPhysical,0,TemplePagodaDigital,0,TemplePagodaPhysical,0,TeahouseDigital,0,TeahousePhysical,0,SumoRingDigital,0,SumoRingPhysical,0,ShrineSetDigital,0,ShrineSetPhysical,0,UltimateStoneWalls,0,UltimateStoneWalls1,0,UltimateWoodenWalls,0,UltimateWoodenWalls1,0,FarmhouseVariation1,0,FarmhouseSetDigital,0,ToriiSetDigital,0,FarmhouseVariation2,0,RuinedHutDigital,0,RuinedHutPhysical,0,FarmyardSetDigital,0,FarmyardSetPhysical,0,MarketStallsSet,0,MarketStallsSet1,0,wannaoreo@gmail.com,Michael Cameron Corlew,United States,"Not applicable to my pledge (Book, Boxset, Bonus Support)",$0.00,
16,208252599,David Huber,revdavidhuber@gmail.com,US,$0.00,Path of Ascension - Early Bird Special,$80.00,10834121,$0.00,$80.00,$0.00,$80.00,"2025/10/23, 21:11",false,false,Not provided,collected,,0,0,0,0,0,0,0,0,0,0,0,0,0,0,0,0,0,0,0,0,0,0,0,0,0,0,0,0,0,0,0,0,0,0,0,0,0,0,0,0,0,0,0,0,0,0,0,0,0,0,0,0,0,0,0,0,0,0,0,0,0,0,0,0,0,0,0,0,0,0,0,0,0,0,1,0,1,0,0,0,0,0,0,0,0,0,0,0,0,0,0,0,0,0,0,0,0,0,0,0,0,0,0,0,0,0,0,0,0,0,0,0,0,0,0,0,0,0,0,0,0,0,0,0,0,0,0,0,0,0,0,0,0,0,0,0,0,0,0,0,0,0,0,0,,David Huber,,,,,,,,,,AccesstoAddons,,ShoshinThePath,,ShoshinThePath1,,StarterClanDigital,,StarterClanPhysical,,YokaiSetDigital,,YokaiSetPhysical,,OniMiniatureDigital,,OniMiniaturePhysical,,KitsuneMiniatureDigital,,KitsuneMiniaturePhysical,,TanukiMiniatureDigital,,TanukiMiniaturePhysical,,TenguMiniatureDigital,,TenguMiniaturePhysical,,KappaMiniatureDigital,,KappaMiniaturePhysical,,YureiMiniatureDigital,,YureiMiniaturePhysical,,ItsumadeMiniatureDigital,,ItsumadeMiniaturePhysical,,AmeOnnaMiniature,,AmeOnnaMiniature1,,NureOnnaMiniature,,NureOnnaMiniature1,,JubokkuMiniatureDigital,,JubokkuMiniaturePhysical,,TsuchigumoMiniatureDigital,,TsuchigumoMiniaturePhysical,,GashadokuroMiniatureDigital,,GashadokuroMiniaturePhysical,,CastleDigital,,CastlePhysical,,UltimateCastleWalls,,UltimateCastleWalls1,,CastleGateTower,,CastleGateTower1,,CastleGateTower2,,CastleGateTower3,,LanternsSetDigital,,LanternsSetPhysical,,BridgesSetDigital,,BridgesSetPhysical,,PondsSetDigital,,PondsSetPhysical,,SmallToriiPhysical,,LargeToriiPhysical,,ZenGardenDigital,,ZenGardenPhysical,,TemplePagodaDigital,,TemplePagodaPhysical,,TeahouseDigital,,TeahousePhysical,,SumoRingDigital,,SumoRingPhysical,,ShrineSetDigital,,ShrineSetPhysical,,UltimateStoneWalls,,UltimateStoneWalls1,,UltimateWoodenWalls,,UltimateWoodenWalls1,,FarmhouseVariation1,,FarmhouseSetDigital,,ToriiSetDigital,,FarmhouseVariation2,,RuinedHutDigital,,RuinedHutPhysical,,FarmyardSetDigital,,FarmyardSetPhysical,,MarketStallsSet,,MarketStallsSet1,,,,,,$0.00,
19,541623106,John Doherty,seawurm@yahoo.com,US,$0.00,Path of Ascension - Early Bird Special,$80.00,10834121,$0.00,$80.00,$0.00,$80.00,"2025/10/23, 21:16",false,false,Not provided,collected,,0,0,0,0,0,0,0,0,0,0,0,0,0,0,0,0,0,0,0,0,0,0,0,0,0,0,0,0,0,0,0,0,0,0,0,0,0,0,0,0,0,0,0,0,0,0,0,0,0,0,0,0,0,0,0,0,0,0,0,0,0,0,0,0,0,0,0,0,0,0,0,0,0,0,1,0,1,0,0,0,0,0,0,0,0,0,0,0,0,0,0,0,0,0,0,0,0,0,0,0,0,0,0,0,0,0,0,0,0,0,0,0,0,0,0,0,0,0,0,0,0,0,0,0,0,0,0,0,0,0,0,0,0,0,0,0,0,0,0,0,0,0,0,0,"2025/12/10, 17:39",John Doherty,201 S 8th St,"",Denton,MD,21629-3200,United States,US,"",,AccesstoAddons,1,ShoshinThePath,0,ShoshinThePath1,1,StarterClanDigital,0,StarterClanPhysical,0,YokaiSetDigital,0,YokaiSetPhysical,0,OniMiniatureDigital,0,OniMiniaturePhysical,0,KitsuneMiniatureDigital,0,KitsuneMiniaturePhysical,0,TanukiMiniatureDigital,0,TanukiMiniaturePhysical,0,TenguMiniatureDigital,0,TenguMiniaturePhysical,0,KappaMiniatureDigital,0,KappaMiniaturePhysical,0,YureiMiniatureDigital,0,YureiMiniaturePhysical,0,ItsumadeMiniatureDigital,0,ItsumadeMiniaturePhysical,0,AmeOnnaMiniature,0,AmeOnnaMiniature1,0,NureOnnaMiniature,0,NureOnnaMiniature1,0,JubokkuMiniatureDigital,0,JubokkuMiniaturePhysical,0,TsuchigumoMiniatureDigital,0,TsuchigumoMiniaturePhysical,0,GashadokuroMiniatureDigital,0,GashadokuroMiniaturePhysical,0,CastleDigital,0,CastlePhysical,0,UltimateCastleWalls,0,UltimateCastleWalls1,0,CastleGateTower,0,CastleGateTower1,0,CastleGateTower2,0,CastleGateTower3,0,LanternsSetDigital,0,LanternsSetPhysical,0,BridgesSetDigital,0,BridgesSetPhysical,0,PondsSetDigital,0,PondsSetPhysical,0,SmallToriiPhysical,0,LargeToriiPhysical,0,ZenGardenDigital,0,ZenGardenPhysical,0,TemplePagodaDigital,0,TemplePagodaPhysical,0,TeahouseDigital,0,TeahousePhysical,0,SumoRingDigital,0,SumoRingPhysical,0,ShrineSetDigital,0,ShrineSetPhysical,0,UltimateStoneWalls,0,UltimateStoneWalls1,0,UltimateWoodenWalls,0,UltimateWoodenWalls1,0,FarmhouseVariation1,0,FarmhouseSetDigital,0,ToriiSetDigital,0,FarmhouseVariation2,0,RuinedHutDigital,0,RuinedHutPhysical,0,FarmyardSetDigital,0,FarmyardSetPhysical,0,MarketStallsSet,0,MarketStallsSet1,0,seawurm@yahoo.com,John Doherty,United States,"Not applicable to my pledge (Book, Boxset, Bonus Support)",$0.00,
20,1597121677,Barth Kelly,barth.kelly@gmail.com,US,$0.00,Oath of Honor - Early Bird Digital,$106.00,10834124,$0.00,$106.00,$0.00,$106.00,"2025/10/23, 21:29",false,false,Not provided,collected,,0,0,0,0,0,0,0,0,0,0,0,0,0,0,0,0,0,0,0,0,0,0,0,0,0,0,0,0,0,0,0,0,0,0,0,0,0,0,0,0,0,0,0,0,0,0,0,0,0,0,0,0,0,0,0,0,0,0,0,0,0,0,0,0,0,0,0,0,0,0,0,0,0,0,1,0,1,1,0,0,0,0,0,0,0,0,0,0,0,0,0,0,0,0,0,0,0,0,0,0,0,0,0,0,0,0,0,0,0,0,0,0,0,0,0,0,0,0,0,0,0,0,0,0,0,0,0,0,0,0,0,0,0,0,0,0,0,0,0,0,0,0,0,0,"2025/12/10, 18:42",Bartholomew Kelly,239 Cross Gates Blvd,,Slidell,LA,70461-4135,United States,US,+18039204821,,AccesstoAddons,1,ShoshinThePath,0,ShoshinThePath1,1,StarterClanDigital,1,StarterClanPhysical,0,YokaiSetDigital,0,YokaiSetPhysical,0,OniMiniatureDigital,0,OniMiniaturePhysical,0,KitsuneMiniatureDigital,0,KitsuneMiniaturePhysical,0,TanukiMiniatureDigital,0,TanukiMiniaturePhysical,0,TenguMiniatureDigital,0,TenguMiniaturePhysical,0,KappaMiniatureDigital,0,KappaMiniaturePhysical,0,YureiMiniatureDigital,0,YureiMiniaturePhysical,0,ItsumadeMiniatureDigital,0,ItsumadeMiniaturePhysical,0,AmeOnnaMiniature,0,AmeOnnaMiniature1,0,NureOnnaMiniature,0,NureOnnaMiniature1,0,JubokkuMiniatureDigital,0,JubokkuMiniaturePhysical,0,TsuchigumoMiniatureDigital,0,TsuchigumoMiniaturePhysical,0,GashadokuroMiniatureDigital,0,GashadokuroMiniaturePhysical,0,CastleDigital,0,CastlePhysical,0,UltimateCastleWalls,0,UltimateCastleWalls1,0,CastleGateTower,0,CastleGateTower1,0,CastleGateTower2,0,CastleGateTower3,0,LanternsSetDigital,0,LanternsSetPhysical,0,BridgesSetDigital,0,BridgesSetPhysical,0,PondsSetDigital,0,PondsSetPhysical,0,SmallToriiPhysical,0,LargeToriiPhysical,0,ZenGardenDigital,0,ZenGardenPhysical,0,TemplePagodaDigital,0,TemplePagodaPhysical,0,TeahouseDigital,0,TeahousePhysical,0,SumoRingDigital,0,SumoRingPhysical,0,ShrineSetDigital,0,ShrineSetPhysical,0,UltimateStoneWalls,0,UltimateStoneWalls1,0,UltimateWoodenWalls,0,UltimateWoodenWalls1,0,FarmhouseVariation1,0,FarmhouseSetDigital,0,ToriiSetDigital,0,FarmhouseVariation2,0,RuinedHutDigital,0,RuinedHutPhysical,0,FarmyardSetDigital,0,FarmyardSetPhysical,0,MarketStallsSet,0,MarketStallsSet1,0,barth.kelly@gmail.com,Barth Kelly,United States,Both digital and physical,$0.00,
21,1430060288,HitsuzenXIII,anotheratelier@yahoo.com,US,$0.00,Beginner's Mind - Early Bird Special,$49.00,10834117,$0.00,$49.00,$0.00,$49.00,"2025/10/23, 21:49",false,false,Not provided,collected,,0,0,0,0,0,0,0,0,0,0,0,0,0,0,0,0,0,0,0,0,0,0,0,0,0,0,0,0,0,0,0,0,0,0,0,0,0,0,0,0,0,0,0,0,0,0,0,0,0,0,0,0,0,0,0,0,0,0,0,0,0,0,0,0,0,0,0,0,0,0,0,0,0,0,1,1,0,0,0,0,0,0,0,0,0,0,0,0,0,0,0,0,0,0,0,0,0,0,0,0,0,0,0,0,0,0,0,0,0,0,0,0,0,0,0,0,0,0,0,0,0,0,0,0,0,0,0,0,0,0,0,0,0,0,0,0,0,0,0,0,0,0,0,0,"2025/12/10, 19:37",Robert Yardley,1226 Moonlight Dr,"",Ceres,CA,95307-7231,United States,US,2095731439,,AccesstoAddons,1,ShoshinThePath,1,ShoshinThePath1,0,StarterClanDigital,0,StarterClanPhysical,0,YokaiSetDigital,0,YokaiSetPhysical,0,OniMiniatureDigital,0,OniMiniaturePhysical,0,KitsuneMiniatureDigital,0,KitsuneMiniaturePhysical,0,TanukiMiniatureDigital,0,TanukiMiniaturePhysical,0,TenguMiniatureDigital,0,TenguMiniaturePhysical,0,KappaMiniatureDigital,0,KappaMiniaturePhysical,0,YureiMiniatureDigital,0,YureiMiniaturePhysical,0,ItsumadeMiniatureDigital,0,ItsumadeMiniaturePhysical,0,AmeOnnaMiniature,0,AmeOnnaMiniature1,0,NureOnnaMiniature,0,NureOnnaMiniature1,0,JubokkuMiniatureDigital,0,JubokkuMiniaturePhysical,0,TsuchigumoMiniatureDigital,0,TsuchigumoMiniaturePhysical,0,GashadokuroMiniatureDigital,0,GashadokuroMiniaturePhysical,0,CastleDigital,0,CastlePhysical,0,UltimateCastleWalls,0,UltimateCastleWalls1,0,CastleGateTower,0,CastleGateTower1,0,CastleGateTower2,0,CastleGateTower3,0,LanternsSetDigital,0,LanternsSetPhysical,0,BridgesSetDigital,0,BridgesSetPhysical,0,PondsSetDigital,0,PondsSetPhysical,0,SmallToriiPhysical,0,LargeToriiPhysical,0,ZenGardenDigital,0,ZenGardenPhysical,0,TemplePagodaDigital,0,TemplePagodaPhysical,0,TeahouseDigital,0,TeahousePhysical,0,SumoRingDigital,0,SumoRingPhysical,0,ShrineSetDigital,0,ShrineSetPhysical,0,UltimateStoneWalls,0,UltimateStoneWalls1,0,UltimateWoodenWalls,0,UltimateWoodenWalls1,0,FarmhouseVariation1,0,FarmhouseSetDigital,0,ToriiSetDigital,0,FarmhouseVariation2,0,RuinedHutDigital,0,RuinedHutPhysical,0,FarmyardSetDigital,0,FarmyardSetPhysical,0,MarketStallsSet,0,MarketStallsSet1,0,AnotherAtelier@yahoo.com,HitsuzenXIII,United States,"Not applicable to my pledge (Book, Boxset, Bonus Support)",$0.00,
23,1744516198,Rob Didur,silentbob27@hotmail.com,US,$0.00,Path of Ascension - Early Bird Special,$80.00,10834121,$0.00,$80.00,$0.00,$80.00,"2025/10/23, 22:19",false,false,Not provided,collected,,0,0,0,0,0,0,0,0,0,0,0,0,0,0,0,0,0,0,0,0,0,0,0,0,0,0,0,0,0,0,0,0,0,0,0,0,0,0,0,0,0,0,0,0,0,0,0,0,0,0,0,0,0,0,0,0,0,0,0,0,0,0,0,0,0,0,0,0,0,0,0,0,0,0,1,0,1,0,0,0,0,0,0,0,0,0,0,0,0,0,0,0,0,0,0,0,0,0,0,0,0,0,0,0,0,0,0,0,0,0,0,0,0,0,0,0,0,0,0,0,0,0,0,0,0,0,0,0,0,0,0,0,0,0,0,0,0,0,0,0,0,0,0,0,"2025/12/10, 19:20",Robert Christopher Didur,29872 Milton Ave,"",Madison Heights,MI,48071,United States,US,+1 5862602990,,AccesstoAddons,1,ShoshinThePath,0,ShoshinThePath1,1,StarterClanDigital,0,StarterClanPhysical,0,YokaiSetDigital,0,YokaiSetPhysical,0,OniMiniatureDigital,0,OniMiniaturePhysical,0,KitsuneMiniatureDigital,0,KitsuneMiniaturePhysical,0,TanukiMiniatureDigital,0,TanukiMiniaturePhysical,0,TenguMiniatureDigital,0,TenguMiniaturePhysical,0,KappaMiniatureDigital,0,KappaMiniaturePhysical,0,YureiMiniatureDigital,0,YureiMiniaturePhysical,0,ItsumadeMiniatureDigital,0,ItsumadeMiniaturePhysical,0,AmeOnnaMiniature,0,AmeOnnaMiniature1,0,NureOnnaMiniature,0,NureOnnaMiniature1,0,JubokkuMiniatureDigital,0,JubokkuMiniaturePhysical,0,TsuchigumoMiniatureDigital,0,TsuchigumoMiniaturePhysical,0,GashadokuroMiniatureDigital,0,GashadokuroMiniaturePhysical,0,CastleDigital,0,CastlePhysical,0,UltimateCastleWalls,0,UltimateCastleWalls1,0,CastleGateTower,0,CastleGateTower1,0,CastleGateTower2,0,CastleGateTower3,0,LanternsSetDigital,0,LanternsSetPhysical,0,BridgesSetDigital,0,BridgesSetPhysical,0,PondsSetDigital,0,PondsSetPhysical,0,SmallToriiPhysical,0,LargeToriiPhysical,0,ZenGardenDigital,0,ZenGardenPhysical,0,TemplePagodaDigital,0,TemplePagodaPhysical,0,TeahouseDigital,0,TeahousePhysical,0,SumoRingDigital,0,SumoRingPhysical,0,ShrineSetDigital,0,ShrineSetPhysical,0,UltimateStoneWalls,0,UltimateStoneWalls1,0,UltimateWoodenWalls,0,UltimateWoodenWalls1,0,FarmhouseVariation1,0,FarmhouseSetDigital,0,ToriiSetDigital,0,FarmhouseVariation2,0,RuinedHutDigital,0,RuinedHutPhysical,0,FarmyardSetDigital,0,FarmyardSetPhysical,0,MarketStallsSet,0,MarketStallsSet1,0,silentbob27@hotmail.com,Rob Didur,United States,"Not applicable to my pledge (Book, Boxset, Bonus Support)",$0.00,
25,218239401,Christina Portié,xtinamillah@gmail.com,US,$0.00,Spiritual Awakening - Early Bird Digital,$186.00,10834130,$0.00,$186.00,$0.00,$186.00,"2025/10/23, 22:22",false,false,Not provided,collected,,0,0,0,0,0,0,0,0,0,0,0,0,0,0,0,0,0,0,0,0,0,0,0,0,0,0,0,0,0,0,0,0,0,0,0,0,0,0,0,0,0,0,0,0,0,0,0,0,0,0,0,0,0,0,0,0,0,0,0,0,0,0,0,0,0,0,0,0,0,0,0,0,0,0,1,0,1,1,0,1,0,0,0,0,0,0,0,0,0,0,0,0,0,0,0,0,0,0,0,0,0,0,0,0,0,0,0,0,0,0,0,0,0,0,0,0,0,0,0,0,0,0,0,0,0,0,0,0,0,0,0,0,0,0,0,0,0,0,0,0,0,0,0,0,"2025/12/14, 19:15",Christina Portie,505 3rd St,,Gueydan,LA,70542-3513,United States,US,+14807349330,,AccesstoAddons,1,ShoshinThePath,0,ShoshinThePath1,1,StarterClanDigital,1,StarterClanPhysical,0,YokaiSetDigital,1,YokaiSetPhysical,0,OniMiniatureDigital,0,OniMiniaturePhysical,0,KitsuneMiniatureDigital,0,KitsuneMiniaturePhysical,0,TanukiMiniatureDigital,0,TanukiMiniaturePhysical,0,TenguMiniatureDigital,0,TenguMiniaturePhysical,0,KappaMiniatureDigital,0,KappaMiniaturePhysical,0,YureiMiniatureDigital,0,YureiMiniaturePhysical,0,ItsumadeMiniatureDigital,0,ItsumadeMiniaturePhysical,0,AmeOnnaMiniature,0,AmeOnnaMiniature1,0,NureOnnaMiniature,0,NureOnnaMiniature1,0,JubokkuMiniatureDigital,0,JubokkuMiniaturePhysical,0,TsuchigumoMiniatureDigital,0,TsuchigumoMiniaturePhysical,0,GashadokuroMiniatureDigital,0,GashadokuroMiniaturePhysical,0,CastleDigital,0,CastlePhysical,0,UltimateCastleWalls,0,UltimateCastleWalls1,0,CastleGateTower,0,CastleGateTower1,0,CastleGateTower2,0,CastleGateTower3,0,LanternsSetDigital,0,LanternsSetPhysical,0,BridgesSetDigital,0,BridgesSetPhysical,0,PondsSetDigital,0,PondsSetPhysical,0,SmallToriiPhysical,0,LargeToriiPhysical,0,ZenGardenDigital,0,ZenGardenPhysical,0,TemplePagodaDigital,0,TemplePagodaPhysical,0,TeahouseDigital,0,TeahousePhysical,0,SumoRingDigital,0,SumoRingPhysical,0,ShrineSetDigital,0,ShrineSetPhysical,0,UltimateStoneWalls,0,UltimateStoneWalls1,0,UltimateWoodenWalls,0,UltimateWoodenWalls1,0,FarmhouseVariation1,0,FarmhouseSetDigital,0,ToriiSetDigital,0,FarmhouseVariation2,0,RuinedHutDigital,0,RuinedHutPhysical,0,FarmyardSetDigital,0,FarmyardSetPhysical,0,MarketStallsSet,0,MarketStallsSet1,0,xtinamillah@gmail.com,Christina Portie,United States,Both digital and physical,$0.00,
24,921638921,Andrew Schmidt,paigeboy@msn.com,US,$0.00,Path of Ascension - Early Bird Special,$80.00,10834121,$0.00,$80.00,$0.00,$80.00,"2025/10/23, 22:24",false,false,Not provided,collected,,0,0,0,0,0,0,0,0,0,0,0,0,0,0,0,0,0,0,0,0,0,0,0,0,0,0,0,0,0,0,0,0,0,0,0,0,0,0,0,0,0,0,0,0,0,0,0,0,0,0,0,0,0,0,0,0,0,0,0,0,0,0,0,0,0,0,0,0,0,0,0,0,0,0,1,0,1,0,0,0,0,0,0,0,0,0,0,0,0,0,0,0,0,0,0,0,0,0,0,0,0,0,0,0,0,0,0,0,0,0,0,0,0,0,0,0,0,0,0,0,0,0,0,0,0,0,0,0,0,0,0,0,0,0,0,0,0,0,0,0,0,0,0,0,"2025/12/12, 02:55",Andrew Schmidt,513 Amys Way Unit B,"",Grand Junction,CO,81504-5118,United States,US,9703065775,,AccesstoAddons,1,ShoshinThePath,0,ShoshinThePath1,1,StarterClanDigital,0,StarterClanPhysical,0,YokaiSetDigital,0,YokaiSetPhysical,0,OniMiniatureDigital,0,OniMiniaturePhysical,0,KitsuneMiniatureDigital,0,KitsuneMiniaturePhysical,0,TanukiMiniatureDigital,0,TanukiMiniaturePhysical,0,TenguMiniatureDigital,0,TenguMiniaturePhysical,0,KappaMiniatureDigital,0,KappaMiniaturePhysical,0,YureiMiniatureDigital,0,YureiMiniaturePhysical,0,ItsumadeMiniatureDigital,0,ItsumadeMiniaturePhysical,0,AmeOnnaMiniature,0,AmeOnnaMiniature1,0,NureOnnaMiniature,0,NureOnnaMiniature1,0,JubokkuMiniatureDigital,0,JubokkuMiniaturePhysical,0,TsuchigumoMiniatureDigital,0,TsuchigumoMiniaturePhysical,0,GashadokuroMiniatureDigital,0,GashadokuroMiniaturePhysical,0,CastleDigital,0,CastlePhysical,0,UltimateCastleWalls,0,UltimateCastleWalls1,0,CastleGateTower,0,CastleGateTower1,0,CastleGateTower2,0,CastleGateTower3,0,LanternsSetDigital,0,LanternsSetPhysical,0,BridgesSetDigital,0,BridgesSetPhysical,0,PondsSetDigital,0,PondsSetPhysical,0,SmallToriiPhysical,0,LargeToriiPhysical,0,ZenGardenDigital,0,ZenGardenPhysical,0,TemplePagodaDigital,0,TemplePagodaPhysical,0,TeahouseDigital,0,TeahousePhysical,0,SumoRingDigital,0,SumoRingPhysical,0,ShrineSetDigital,0,ShrineSetPhysical,0,UltimateStoneWalls,0,UltimateStoneWalls1,0,UltimateWoodenWalls,0,UltimateWoodenWalls1,0,FarmhouseVariation1,0,FarmhouseSetDigital,0,ToriiSetDigital,0,FarmhouseVariation2,0,RuinedHutDigital,0,RuinedHutPhysical,0,FarmyardSetDigital,0,FarmyardSetPhysical,0,MarketStallsSet,0,MarketStallsSet1,0,paigeboy@msn.com,Andrew Schmidt,United States,"Not applicable to my pledge (Book, Boxset, Bonus Support)",$0.00,
26,1100227765,Mark Cunningham,shoppingmaniac66@yahoo.com.au,AU,$0.00,Spiritual Awakening Early Bird Physical,$335.00,10834140,$0.00,$335.00,$0.00,$335.00,"2025/10/23, 22:58",false,false,Not provided,collected,,0,0,0,0,0,0,0,0,0,0,0,0,0,0,0,0,0,0,0,0,0,0,0,0,0,0,0,0,0,0,0,0,0,0,0,0,0,0,0,0,0,0,0,0,0,0,0,0,0,0,0,0,0,0,0,0,0,0,0,0,0,0,0,0,0,0,0,0,0,0,0,0,0,0,1,0,1,0,1,0,1,0,0,0,0,0,0,0,0,0,0,0,0,0,0,0,0,0,0,0,0,0,0,0,0,0,0,0,0,0,0,0,0,0,0,0,0,0,0,0,0,0,0,0,0,0,0,0,0,0,0,0,0,0,0,0,0,0,0,0,0,0,0,0,"2025/12/11, 11:42",Mark Cunningham,5 Manor Glen,"",Werrington Downs,NSW,2747,Australia,AU,0438321114,,AccesstoAddons,1,ShoshinThePath,0,ShoshinThePath1,1,StarterClanDigital,0,StarterClanPhysical,1,YokaiSetDigital,0,YokaiSetPhysical,1,OniMiniatureDigital,0,OniMiniaturePhysical,0,KitsuneMiniatureDigital,0,KitsuneMiniaturePhysical,0,TanukiMiniatureDigital,0,TanukiMiniaturePhysical,0,TenguMiniatureDigital,0,TenguMiniaturePhysical,0,KappaMiniatureDigital,0,KappaMiniaturePhysical,0,YureiMiniatureDigital,0,YureiMiniaturePhysical,0,ItsumadeMiniatureDigital,0,ItsumadeMiniaturePhysical,0,AmeOnnaMiniature,0,AmeOnnaMiniature1,0,NureOnnaMiniature,0,NureOnnaMiniature1,0,JubokkuMiniatureDigital,0,JubokkuMiniaturePhysical,0,TsuchigumoMiniatureDigital,0,TsuchigumoMiniaturePhysical,0,GashadokuroMiniatureDigital,0,GashadokuroMiniaturePhysical,0,CastleDigital,0,CastlePhysical,0,UltimateCastleWalls,0,UltimateCastleWalls1,0,CastleGateTower,0,CastleGateTower1,0,CastleGateTower2,0,CastleGateTower3,0,LanternsSetDigital,0,LanternsSetPhysical,0,BridgesSetDigital,0,BridgesSetPhysical,0,PondsSetDigital,0,PondsSetPhysical,0,SmallToriiPhysical,0,LargeToriiPhysical,0,ZenGardenDigital,0,ZenGardenPhysical,0,TemplePagodaDigital,0,TemplePagodaPhysical,0,TeahouseDigital,0,TeahousePhysical,0,SumoRingDigital,0,SumoRingPhysical,0,ShrineSetDigital,0,ShrineSetPhysical,0,UltimateStoneWalls,0,UltimateStoneWalls1,0,UltimateWoodenWalls,0,UltimateWoodenWalls1,0,FarmhouseVariation1,0,FarmhouseSetDigital,0,ToriiSetDigital,0,FarmhouseVariation2,0,RuinedHutDigital,0,RuinedHutPhysical,0,FarmyardSetDigital,0,FarmyardSetPhysical,0,MarketStallsSet,0,MarketStallsSet1,0,shoppingmaniac66@yahoo.com.au,Mark Cunningham,Australia,Physical miniatures only,$0.00,
27,453114081,Louise,louisealston555@gmail.com,N/A,$0.00,,,,$50.00,$50.00,$0.00,$50.00,"2025/10/23, 23:40",false,false,Not available,collected,,0,0,0,0,0,0,0,0,0,0,0,0,0,0,0,0,0,0,0,0,0,0,0,0,0,0,0,0,0,0,0,0,0,0,0,0,0,0,0,0,0,0,0,0,0,0,0,0,0,0,0,0,0,0,0,0,0,0,0,0,0,0,0,0,0,0,0,0,0,0,0,0,0,0,0,0,0,0,0,0,0,0,0,0,0,0,0,0,0,0,0,0,0,0,0,0,0,0,0,0,0,0,0,0,0,0,0,0,0,0,0,0,0,0,0,0,0,0,0,0,0,0,0,0,0,0,0,0,0,0,0,0,0,0,0,0,0,0,0,0,0,0,0,0,,Louise,,,,,,,,,,AccesstoAddons,,ShoshinThePath,,ShoshinThePath1,,StarterClanDigital,,StarterClanPhysical,,YokaiSetDigital,,YokaiSetPhysical,,OniMiniatureDigital,,OniMiniaturePhysical,,KitsuneMiniatureDigital,,KitsuneMiniaturePhysical,,TanukiMiniatureDigital,,TanukiMiniaturePhysical,,TenguMiniatureDigital,,TenguMiniaturePhysical,,KappaMiniatureDigital,,KappaMiniaturePhysical,,YureiMiniatureDigital,,YureiMiniaturePhysical,,ItsumadeMiniatureDigital,,ItsumadeMiniaturePhysical,,AmeOnnaMiniature,,AmeOnnaMiniature1,,NureOnnaMiniature,,NureOnnaMiniature1,,JubokkuMiniatureDigital,,JubokkuMiniaturePhysical,,TsuchigumoMiniatureDigital,,TsuchigumoMiniaturePhysical,,GashadokuroMiniatureDigital,,GashadokuroMiniaturePhysical,,CastleDigital,,CastlePhysical,,UltimateCastleWalls,,UltimateCastleWalls1,,CastleGateTower,,CastleGateTower1,,CastleGateTower2,,CastleGateTower3,,LanternsSetDigital,,LanternsSetPhysical,,BridgesSetDigital,,BridgesSetPhysical,,PondsSetDigital,,PondsSetPhysical,,SmallToriiPhysical,,LargeToriiPhysical,,ZenGardenDigital,,ZenGardenPhysical,,TemplePagodaDigital,,TemplePagodaPhysical,,TeahouseDigital,,TeahousePhysical,,SumoRingDigital,,SumoRingPhysical,,ShrineSetDigital,,ShrineSetPhysical,,UltimateStoneWalls,,UltimateStoneWalls1,,UltimateWoodenWalls,,UltimateWoodenWalls1,,FarmhouseVariation1,,FarmhouseSetDigital,,ToriiSetDigital,,FarmhouseVariation2,,RuinedHutDigital,,RuinedHutPhysical,,FarmyardSetDigital,,FarmyardSetPhysical,,MarketStallsSet,,MarketStallsSet1,,,,,,$0.00,
29,2011068095,Greg Whitaker,gwhitaker.va@gmail.com,US,$0.00,Heaven's Will - Early Bird Physical,$562.00,10834144,$0.00,$562.00,$0.00,$562.00,"2025/10/23, 23:49",false,false,Not provided,collected,,0,0,0,0,0,0,0,0,0,0,0,0,0,0,0,0,0,0,0,0,0,0,0,0,0,0,0,0,0,0,0,0,0,0,0,0,0,0,0,0,0,0,0,0,0,0,0,0,0,0,0,0,0,0,0,0,0,0,0,0,0,0,0,0,0,0,0,0,0,0,0,0,0,0,1,0,1,0,4,0,1,0,0,0,0,0,0,0,0,0,0,0,0,0,0,0,0,0,0,0,0,0,0,0,0,0,0,0,0,0,0,0,0,0,0,0,0,0,0,0,0,0,0,0,0,0,0,0,0,0,0,0,0,0,0,0,0,0,0,0,0,0,0,0,"2025/12/12, 19:37",Greg Whitaker,5304 Warminster Dr Unit 102,"",Virginia Beach,VA,23455-3693,United States,US,2408884993,,AccesstoAddons,1,ShoshinThePath,0,ShoshinThePath1,1,StarterClanDigital,0,StarterClanPhysical,4,YokaiSetDigital,0,YokaiSetPhysical,1,OniMiniatureDigital,0,OniMiniaturePhysical,0,KitsuneMiniatureDigital,0,KitsuneMiniaturePhysical,0,TanukiMiniatureDigital,0,TanukiMiniaturePhysical,0,TenguMiniatureDigital,0,TenguMiniaturePhysical,0,KappaMiniatureDigital,0,KappaMiniaturePhysical,0,YureiMiniatureDigital,0,YureiMiniaturePhysical,0,ItsumadeMiniatureDigital,0,ItsumadeMiniaturePhysical,0,AmeOnnaMiniature,0,AmeOnnaMiniature1,0,NureOnnaMiniature,0,NureOnnaMiniature1,0,JubokkuMiniatureDigital,0,JubokkuMiniaturePhysical,0,TsuchigumoMiniatureDigital,0,TsuchigumoMiniaturePhysical,0,GashadokuroMiniatureDigital,0,GashadokuroMiniaturePhysical,0,CastleDigital,0,CastlePhysical,0,UltimateCastleWalls,0,UltimateCastleWalls1,0,CastleGateTower,0,CastleGateTower1,0,CastleGateTower2,0,CastleGateTower3,0,LanternsSetDigital,0,LanternsSetPhysical,0,BridgesSetDigital,0,BridgesSetPhysical,0,PondsSetDigital,0,PondsSetPhysical,0,SmallToriiPhysical,0,LargeToriiPhysical,0,ZenGardenDigital,0,ZenGardenPhysical,0,TemplePagodaDigital,0,TemplePagodaPhysical,0,TeahouseDigital,0,TeahousePhysical,0,SumoRingDigital,0,SumoRingPhysical,0,ShrineSetDigital,0,ShrineSetPhysical,0,UltimateStoneWalls,0,UltimateStoneWalls1,0,UltimateWoodenWalls,0,UltimateWoodenWalls1,0,FarmhouseVariation1,0,FarmhouseSetDigital,0,ToriiSetDigital,0,FarmhouseVariation2,0,RuinedHutDigital,0,RuinedHutPhysical,0,FarmyardSetDigital,0,FarmyardSetPhysical,0,MarketStallsSet,0,MarketStallsSet1,0,Gwhitaker.va@gmail.com,Greg Whitaker,United States,Physical miniatures only,$0.00,
30,1461734609,Andre Cabra,andre3cabra@gmail.com,US,$0.00,Path of Ascension - Early Bird Special,$80.00,10834121,$0.00,$80.00,$0.00,$80.00,"2025/10/24, 00:38",false,false,Not provided,collected,,0,0,0,0,0,0,0,0,0,0,0,0,0,0,0,0,0,0,0,0,0,0,0,0,0,0,0,0,0,0,0,0,0,0,0,0,0,0,0,0,0,0,0,0,0,0,0,0,0,0,0,0,0,0,0,0,0,0,0,0,0,0,0,0,0,0,0,0,0,0,0,0,0,0,1,0,1,0,0,0,0,0,0,0,0,0,0,0,0,0,0,0,0,0,0,0,0,0,0,0,0,0,0,0,0,0,0,0,0,0,0,0,0,0,0,0,0,0,0,0,0,0,0,0,0,0,0,0,0,0,0,0,0,0,0,0,0,0,0,0,0,0,0,0,"2025/12/11, 16:26",Andre Cabra,4836 Fox Creek Dr W,,Mulberry,FL,33860-8327,United States,US,+18189405527,,AccesstoAddons,1,ShoshinThePath,0,ShoshinThePath1,1,StarterClanDigital,0,StarterClanPhysical,0,YokaiSetDigital,0,YokaiSetPhysical,0,OniMiniatureDigital,0,OniMiniaturePhysical,0,KitsuneMiniatureDigital,0,KitsuneMiniaturePhysical,0,TanukiMiniatureDigital,0,TanukiMiniaturePhysical,0,TenguMiniatureDigital,0,TenguMiniaturePhysical,0,KappaMiniatureDigital,0,KappaMiniaturePhysical,0,YureiMiniatureDigital,0,YureiMiniaturePhysical,0,ItsumadeMiniatureDigital,0,ItsumadeMiniaturePhysical,0,AmeOnnaMiniature,0,AmeOnnaMiniature1,0,NureOnnaMiniature,0,NureOnnaMiniature1,0,JubokkuMiniatureDigital,0,JubokkuMiniaturePhysical,0,TsuchigumoMiniatureDigital,0,TsuchigumoMiniaturePhysical,0,GashadokuroMiniatureDigital,0,GashadokuroMiniaturePhysical,0,CastleDigital,0,CastlePhysical,0,UltimateCastleWalls,0,UltimateCastleWalls1,0,CastleGateTower,0,CastleGateTower1,0,CastleGateTower2,0,CastleGateTower3,0,LanternsSetDigital,0,LanternsSetPhysical,0,BridgesSetDigital,0,BridgesSetPhysical,0,PondsSetDigital,0,PondsSetPhysical,0,SmallToriiPhysical,0,LargeToriiPhysical,0,ZenGardenDigital,0,ZenGardenPhysical,0,TemplePagodaDigital,0,TemplePagodaPhysical,0,TeahouseDigital,0,TeahousePhysical,0,SumoRingDigital,0,SumoRingPhysical,0,ShrineSetDigital,0,ShrineSetPhysical,0,UltimateStoneWalls,0,UltimateStoneWalls1,0,UltimateWoodenWalls,0,UltimateWoodenWalls1,0,FarmhouseVariation1,0,FarmhouseSetDigital,0,ToriiSetDigital,0,FarmhouseVariation2,0,RuinedHutDigital,0,RuinedHutPhysical,0,FarmyardSetDigital,0,FarmyardSetPhysical,0,MarketStallsSet,0,MarketStallsSet1,0,andre3cabra@gmail.com,Andre Cabra,United States,"Not applicable to my pledge (Book, Boxset, Bonus Support)",$0.00,
32,2141035592,herb seifert,Herbert_g_seifert@yahoo.com,US,$0.00,Heaven's Will - Early Bird Digital,$509.00,10834133,$0.00,$509.00,$169.68,$339.32,"2025/10/24, 01:01",false,true,Not provided,pledged,,1,1,1,1,1,1,1,1,1,1,1,1,1,1,1,1,1,1,1,1,1,0,0,1,1,1,1,0,0,1,0,0,0,0,0,1,0,0,0,1,0,0,0,0,0,0,0,0,0,0,0,0,0,1,0,0,0,0,0,0,0,0,0,0,0,0,0,0,0,0,0,0,0,0,1,0,1,4,0,1,0,1,1,1,1,1,1,1,1,1,1,1,1,1,1,1,1,1,1,1,1,1,0,0,1,1,1,1,0,0,1,0,0,0,0,0,1,0,0,0,1,0,0,0,0,0,0,0,0,0,1,0,0,0,0,0,0,0,0,0,0,0,0,0,"2025/12/11, 15:53",herbert Seifert,14074 E Utah Cir,"",Aurora,CO,80012-5627,United States,US,720-416-8050,,AccesstoAddons,1,ShoshinThePath,0,ShoshinThePath1,1,StarterClanDigital,4,StarterClanPhysical,0,YokaiSetDigital,1,YokaiSetPhysical,0,OniMiniatureDigital,1,OniMiniaturePhysical,0,KitsuneMiniatureDigital,1,KitsuneMiniaturePhysical,0,TanukiMiniatureDigital,1,TanukiMiniaturePhysical,0,TenguMiniatureDigital,1,TenguMiniaturePhysical,0,KappaMiniatureDigital,1,KappaMiniaturePhysical,0,YureiMiniatureDigital,1,YureiMiniaturePhysical,0,ItsumadeMiniatureDigital,1,ItsumadeMiniaturePhysical,0,AmeOnnaMiniature,1,AmeOnnaMiniature1,0,NureOnnaMiniature,1,NureOnnaMiniature1,0,JubokkuMiniatureDigital,1,JubokkuMiniaturePhysical,0,TsuchigumoMiniatureDigital,0,TsuchigumoMiniaturePhysical,0,GashadokuroMiniatureDigital,1,GashadokuroMiniaturePhysical,0,CastleDigital,1,CastlePhysical,0,UltimateCastleWalls,1,UltimateCastleWalls1,0,CastleGateTower,1,CastleGateTower1,0,CastleGateTower2,1,CastleGateTower3,0,LanternsSetDigital,1,LanternsSetPhysical,0,BridgesSetDigital,1,BridgesSetPhysical,0,PondsSetDigital,1,PondsSetPhysical,0,SmallToriiPhysical,0,LargeToriiPhysical,0,ZenGardenDigital,1,ZenGardenPhysical,0,TemplePagodaDigital,0,TemplePagodaPhysical,0,TeahouseDigital,1,TeahousePhysical,0,SumoRingDigital,1,SumoRingPhysical,0,ShrineSetDigital,1,ShrineSetPhysical,0,UltimateStoneWalls,1,UltimateStoneWalls1,0,UltimateWoodenWalls,1,UltimateWoodenWalls1,0,FarmhouseVariation1,0,FarmhouseSetDigital,1,ToriiSetDigital,1,FarmhouseVariation2,0,RuinedHutDigital,1,RuinedHutPhysical,0,FarmyardSetDigital,1,FarmyardSetPhysical,0,MarketStallsSet,1,MarketStallsSet1,0,Herbert_g_seifert@yahoo.com,Herbert Seifert,United States,Both digital and physical,,
33,993337764,Chris,bills@360pc.com,US,$0.00,Heaven's Will - Early Bird Digital,$337.00,10834133,$0.00,$337.00,$0.00,$337.00,"2025/10/24, 01:09",false,false,Not provided,collected,,1,1,0,0,0,0,0,0,1,1,0,0,0,1,0,0,0,1,0,1,0,0,0,0,0,0,0,0,0,1,0,1,0,0,0,1,0,0,0,0,0,0,0,0,0,0,0,0,0,0,0,0,0,0,0,0,0,0,0,0,0,0,0,0,0,0,0,0,0,0,0,0,0,0,1,0,1,4,0,1,0,1,1,0,0,0,0,0,0,1,1,0,0,0,1,0,0,0,1,0,1,0,0,0,0,0,0,0,0,0,1,0,1,0,0,0,1,0,0,0,0,0,0,0,0,0,0,0,0,0,0,0,0,0,0,0,0,0,0,0,0,0,0,0,"2025/12/10, 18:34",Chris Mohler,227 E Hamilton St,,Wellington,OH,44090-1115,United States,US,"",,AccesstoAddons,1,ShoshinThePath,0,ShoshinThePath1,1,StarterClanDigital,4,StarterClanPhysical,0,YokaiSetDigital,1,YokaiSetPhysical,0,OniMiniatureDigital,0,OniMiniaturePhysical,0,KitsuneMiniatureDigital,1,KitsuneMiniaturePhysical,0,TanukiMiniatureDigital,0,TanukiMiniaturePhysical,0,TenguMiniatureDigital,0,TenguMiniaturePhysical,0,KappaMiniatureDigital,0,KappaMiniaturePhysical,0,YureiMiniatureDigital,0,YureiMiniaturePhysical,0,ItsumadeMiniatureDigital,0,ItsumadeMiniaturePhysical,0,AmeOnnaMiniature,0,AmeOnnaMiniature1,0,NureOnnaMiniature,0,NureOnnaMiniature1,0,JubokkuMiniatureDigital,0,JubokkuMiniaturePhysical,0,TsuchigumoMiniatureDigital,0,TsuchigumoMiniaturePhysical,0,GashadokuroMiniatureDigital,0,GashadokuroMiniaturePhysical,0,CastleDigital,0,CastlePhysical,0,UltimateCastleWalls,0,UltimateCastleWalls1,0,CastleGateTower,0,CastleGateTower1,0,CastleGateTower2,0,CastleGateTower3,0,LanternsSetDigital,1,LanternsSetPhysical,0,BridgesSetDigital,0,BridgesSetPhysical,0,PondsSetDigital,0,PondsSetPhysical,0,SmallToriiPhysical,0,LargeToriiPhysical,0,ZenGardenDigital,1,ZenGardenPhysical,0,TemplePagodaDigital,1,TemplePagodaPhysical,0,TeahouseDigital,1,TeahousePhysical,0,SumoRingDigital,0,SumoRingPhysical,0,ShrineSetDigital,1,ShrineSetPhysical,0,UltimateStoneWalls,0,UltimateStoneWalls1,0,UltimateWoodenWalls,1,UltimateWoodenWalls1,0,FarmhouseVariation1,0,FarmhouseSetDigital,1,ToriiSetDigital,0,FarmhouseVariation2,0,RuinedHutDigital,1,RuinedHutPhysical,0,FarmyardSetDigital,1,FarmyardSetPhysical,0,MarketStallsSet,0,MarketStallsSet1,0,bills@360pc.com,Chris Mohler,United States,Digital STL files only,$0.00,
36,935519622,Wes S,eviljim.sithlord@gmail.com,US,$0.00,Path of Ascension - Early Bird Special,$89.00,10834121,$0.00,$89.00,$0.00,$89.00,"2025/10/24, 01:49",false,false,Not provided,collected,,0,0,0,0,0,0,0,0,0,0,0,0,0,0,0,0,0,0,0,0,0,1,0,0,0,0,0,0,0,0,0,0,0,0,0,0,0,0,0,0,0,0,0,0,0,0,0,0,0,0,0,0,0,0,0,0,0,0,0,0,0,0,0,0,0,0,0,0,0,0,0,0,0,0,1,0,1,0,0,0,0,0,0,0,0,0,0,0,0,0,0,0,0,0,0,0,0,0,0,0,0,0,1,0,0,0,0,0,0,0,0,0,0,0,0,0,0,0,0,0,0,0,0,0,0,0,0,0,0,0,0,0,0,0,0,0,0,0,0,0,0,0,0,0,"2025/12/10, 17:39",Wesley Stein,4103 Lake Cir N,"",Mobile,AL,36693-4409,United States,US,2515332527,,AccesstoAddons,1,ShoshinThePath,0,ShoshinThePath1,1,StarterClanDigital,0,StarterClanPhysical,0,YokaiSetDigital,0,YokaiSetPhysical,0,OniMiniatureDigital,0,OniMiniaturePhysical,0,KitsuneMiniatureDigital,0,KitsuneMiniaturePhysical,0,TanukiMiniatureDigital,0,TanukiMiniaturePhysical,1,TenguMiniatureDigital,0,TenguMiniaturePhysical,0,KappaMiniatureDigital,0,KappaMiniaturePhysical,0,YureiMiniatureDigital,0,YureiMiniaturePhysical,0,ItsumadeMiniatureDigital,0,ItsumadeMiniaturePhysical,0,AmeOnnaMiniature,0,AmeOnnaMiniature1,0,NureOnnaMiniature,0,NureOnnaMiniature1,0,JubokkuMiniatureDigital,0,JubokkuMiniaturePhysical,0,TsuchigumoMiniatureDigital,0,TsuchigumoMiniaturePhysical,0,GashadokuroMiniatureDigital,0,GashadokuroMiniaturePhysical,0,CastleDigital,0,CastlePhysical,0,UltimateCastleWalls,0,UltimateCastleWalls1,0,CastleGateTower,0,CastleGateTower1,0,CastleGateTower2,0,CastleGateTower3,0,LanternsSetDigital,0,LanternsSetPhysical,0,BridgesSetDigital,0,BridgesSetPhysical,0,PondsSetDigital,0,PondsSetPhysical,0,SmallToriiPhysical,0,LargeToriiPhysical,0,ZenGardenDigital,0,ZenGardenPhysical,0,TemplePagodaDigital,0,TemplePagodaPhysical,0,TeahouseDigital,0,TeahousePhysical,0,SumoRingDigital,0,SumoRingPhysical,0,ShrineSetDigital,0,ShrineSetPhysical,0,UltimateStoneWalls,0,UltimateStoneWalls1,0,UltimateWoodenWalls,0,UltimateWoodenWalls1,0,FarmhouseVariation1,0,FarmhouseSetDigital,0,ToriiSetDigital,0,FarmhouseVariation2,0,RuinedHutDigital,0,RuinedHutPhysical,0,FarmyardSetDigital,0,FarmyardSetPhysical,0,MarketStallsSet,0,MarketStallsSet1,0,eviljim.sithlord@gmail.com,Wesley Stein,United States,Physical miniatures only,$0.00,
37,1457079031,Jason Rosenblatt,jason.rosenblatt@gmail.com,US,$0.00,Path of Ascension - Early Bird Special,$80.00,10834121,$0.00,$80.00,$0.00,$80.00,"2025/10/24, 01:50",false,false,Not provided,collected,,0,0,0,0,0,0,0,0,0,0,0,0,0,0,0,0,0,0,0,0,0,0,0,0,0,0,0,0,0,0,0,0,0,0,0,0,0,0,0,0,0,0,0,0,0,0,0,0,0,0,0,0,0,0,0,0,0,0,0,0,0,0,0,0,0,0,0,0,0,0,0,0,0,0,1,0,1,0,0,0,0,0,0,0,0,0,0,0,0,0,0,0,0,0,0,0,0,0,0,0,0,0,0,0,0,0,0,0,0,0,0,0,0,0,0,0,0,0,0,0,0,0,0,0,0,0,0,0,0,0,0,0,0,0,0,0,0,0,0,0,0,0,0,0,"2025/12/13, 01:42",Jason Rosenblatt,1715 N North Park Ave # 2,"",Chicago,IL,60614-6372,United States,US,3125768805,,AccesstoAddons,1,ShoshinThePath,0,ShoshinThePath1,1,StarterClanDigital,0,StarterClanPhysical,0,YokaiSetDigital,0,YokaiSetPhysical,0,OniMiniatureDigital,0,OniMiniaturePhysical,0,KitsuneMiniatureDigital,0,KitsuneMiniaturePhysical,0,TanukiMiniatureDigital,0,TanukiMiniaturePhysical,0,TenguMiniatureDigital,0,TenguMiniaturePhysical,0,KappaMiniatureDigital,0,KappaMiniaturePhysical,0,YureiMiniatureDigital,0,YureiMiniaturePhysical,0,ItsumadeMiniatureDigital,0,ItsumadeMiniaturePhysical,0,AmeOnnaMiniature,0,AmeOnnaMiniature1,0,NureOnnaMiniature,0,NureOnnaMiniature1,0,JubokkuMiniatureDigital,0,JubokkuMiniaturePhysical,0,TsuchigumoMiniatureDigital,0,TsuchigumoMiniaturePhysical,0,GashadokuroMiniatureDigital,0,GashadokuroMiniaturePhysical,0,CastleDigital,0,CastlePhysical,0,UltimateCastleWalls,0,UltimateCastleWalls1,0,CastleGateTower,0,CastleGateTower1,0,CastleGateTower2,0,CastleGateTower3,0,LanternsSetDigital,0,LanternsSetPhysical,0,BridgesSetDigital,0,BridgesSetPhysical,0,PondsSetDigital,0,PondsSetPhysical,0,SmallToriiPhysical,0,LargeToriiPhysical,0,ZenGardenDigital,0,ZenGardenPhysical,0,TemplePagodaDigital,0,TemplePagodaPhysical,0,TeahouseDigital,0,TeahousePhysical,0,SumoRingDigital,0,SumoRingPhysical,0,ShrineSetDigital,0,ShrineSetPhysical,0,UltimateStoneWalls,0,UltimateStoneWalls1,0,UltimateWoodenWalls,0,UltimateWoodenWalls1,0,FarmhouseVariation1,0,FarmhouseSetDigital,0,ToriiSetDigital,0,FarmhouseVariation2,0,RuinedHutDigital,0,RuinedHutPhysical,0,FarmyardSetDigital,0,FarmyardSetPhysical,0,MarketStallsSet,0,MarketStallsSet1,0,jason.rosenblatt@gmail.com,Jason Rosenblatt,United States,"Not applicable to my pledge (Book, Boxset, Bonus Support)",$0.00,
38,160628058,Brandy Pastore,hamletact1@yahoo.com,US,$0.00,Petal on the Wind (Physical),$173.00,10875291,$0.00,$173.00,$0.00,$173.00,"2025/10/24, 01:51",false,false,Not provided,collected,,0,0,0,0,0,0,0,0,0,0,0,0,1,0,0,1,0,1,0,0,0,1,0,0,0,0,0,1,0,0,0,1,0,0,1,0,0,0,1,0,0,0,0,0,0,0,0,0,0,0,0,0,0,0,0,0,0,1,0,0,0,0,0,0,0,0,0,0,0,0,0,0,0,0,1,0,0,0,0,0,0,0,0,0,0,0,0,0,0,0,0,0,0,1,0,0,1,0,1,0,0,0,1,0,0,0,0,0,1,0,0,0,1,0,0,1,0,0,0,4,0,0,0,0,0,0,0,0,0,0,0,0,0,0,1,0,0,0,0,0,0,0,0,0,"2025/12/11, 11:55",Brandy Pastore,3089 Davis Chapel Rd,"",Sardis,MS,38666-9674,United States,US,+19018284071,,AccesstoAddons,1,ShoshinThePath,0,ShoshinThePath1,0,StarterClanDigital,0,StarterClanPhysical,0,YokaiSetDigital,0,YokaiSetPhysical,0,OniMiniatureDigital,0,OniMiniaturePhysical,0,KitsuneMiniatureDigital,0,KitsuneMiniaturePhysical,1,TanukiMiniatureDigital,0,TanukiMiniaturePhysical,1,TenguMiniatureDigital,0,TenguMiniaturePhysical,0,KappaMiniatureDigital,0,KappaMiniaturePhysical,4,YureiMiniatureDigital,0,YureiMiniaturePhysical,0,ItsumadeMiniatureDigital,0,ItsumadeMiniaturePhysical,0,AmeOnnaMiniature,0,AmeOnnaMiniature1,0,NureOnnaMiniature,0,NureOnnaMiniature1,1,JubokkuMiniatureDigital,0,JubokkuMiniaturePhysical,0,TsuchigumoMiniatureDigital,0,TsuchigumoMiniaturePhysical,0,GashadokuroMiniatureDigital,0,GashadokuroMiniaturePhysical,1,CastleDigital,0,CastlePhysical,0,UltimateCastleWalls,0,UltimateCastleWalls1,0,CastleGateTower,0,CastleGateTower1,0,CastleGateTower2,0,CastleGateTower3,0,LanternsSetDigital,0,LanternsSetPhysical,0,BridgesSetDigital,0,BridgesSetPhysical,0,PondsSetDigital,1,PondsSetPhysical,0,SmallToriiPhysical,0,LargeToriiPhysical,0,ZenGardenDigital,0,ZenGardenPhysical,0,TemplePagodaDigital,1,TemplePagodaPhysical,0,TeahouseDigital,1,TeahousePhysical,0,SumoRingDigital,1,SumoRingPhysical,0,ShrineSetDigital,0,ShrineSetPhysical,0,UltimateStoneWalls,0,UltimateStoneWalls1,0,UltimateWoodenWalls,0,UltimateWoodenWalls1,0,FarmhouseVariation1,0,FarmhouseSetDigital,0,ToriiSetDigital,0,FarmhouseVariation2,0,RuinedHutDigital,0,RuinedHutPhysical,0,FarmyardSetDigital,0,FarmyardSetPhysical,0,MarketStallsSet,0,MarketStallsSet1,0,hamletact1@yahoo.com,Brandy Pastore,United States,Both digital and physical,$0.00,
39,373436462,Stephen SIsk,Stephen30106@aol.com,US,$0.00,Path of Ascension - Early Bird Special,$80.00,10834121,$0.00,$80.00,$0.00,$80.00,"2025/10/24, 02:32",false,false,Not provided,collected,,0,0,0,0,0,0,0,0,0,0,0,0,0,0,0,0,0,0,0,0,0,0,0,0,0,0,0,0,0,0,0,0,0,0,0,0,0,0,0,0,0,0,0,0,0,0,0,0,0,0,0,0,0,0,0,0,0,0,0,0,0,0,0,0,0,0,0,0,0,0,0,0,0,0,1,0,1,0,0,0,0,0,0,0,0,0,0,0,0,0,0,0,0,0,0,0,0,0,0,0,0,0,0,0,0,0,0,0,0,0,0,0,0,0,0,0,0,0,0,0,0,0,0,0,0,0,0,0,0,0,0,0,0,0,0,0,0,0,0,0,0,0,0,0,"2025/12/11, 03:18",Stephen Sisk,2508 Savoy St,"",Hoover,AL,35226-2418,United States,US,+16784808835,,AccesstoAddons,1,ShoshinThePath,0,ShoshinThePath1,1,StarterClanDigital,0,StarterClanPhysical,0,YokaiSetDigital,0,YokaiSetPhysical,0,OniMiniatureDigital,0,OniMiniaturePhysical,0,KitsuneMiniatureDigital,0,KitsuneMiniaturePhysical,0,TanukiMiniatureDigital,0,TanukiMiniaturePhysical,0,TenguMiniatureDigital,0,TenguMiniaturePhysical,0,KappaMiniatureDigital,0,KappaMiniaturePhysical,0,YureiMiniatureDigital,0,YureiMiniaturePhysical,0,ItsumadeMiniatureDigital,0,ItsumadeMiniaturePhysical,0,AmeOnnaMiniature,0,AmeOnnaMiniature1,0,NureOnnaMiniature,0,NureOnnaMiniature1,0,JubokkuMiniatureDigital,0,JubokkuMiniaturePhysical,0,TsuchigumoMiniatureDigital,0,TsuchigumoMiniaturePhysical,0,GashadokuroMiniatureDigital,0,GashadokuroMiniaturePhysical,0,CastleDigital,0,CastlePhysical,0,UltimateCastleWalls,0,UltimateCastleWalls1,0,CastleGateTower,0,CastleGateTower1,0,CastleGateTower2,0,CastleGateTower3,0,LanternsSetDigital,0,LanternsSetPhysical,0,BridgesSetDigital,0,BridgesSetPhysical,0,PondsSetDigital,0,PondsSetPhysical,0,SmallToriiPhysical,0,LargeToriiPhysical,0,ZenGardenDigital,0,ZenGardenPhysical,0,TemplePagodaDigital,0,TemplePagodaPhysical,0,TeahouseDigital,0,TeahousePhysical,0,SumoRingDigital,0,SumoRingPhysical,0,ShrineSetDigital,0,ShrineSetPhysical,0,UltimateStoneWalls,0,UltimateStoneWalls1,0,UltimateWoodenWalls,0,UltimateWoodenWalls1,0,FarmhouseVariation1,0,FarmhouseSetDigital,0,ToriiSetDigital,0,FarmhouseVariation2,0,RuinedHutDigital,0,RuinedHutPhysical,0,FarmyardSetDigital,0,FarmyardSetPhysical,0,MarketStallsSet,0,MarketStallsSet1,0,Stephen30106@aol.com,Stephen Sisk,United States,"Not applicable to my pledge (Book, Boxset, Bonus Support)",$0.00,
40,756025744,Adam Jung,ajung@stny.rr.com,US,$0.00,Heaven's Will - Early Bird Digital,$265.00,10834133,$0.00,$265.00,$88.34,$176.66,"2025/10/24, 03:09",false,true,Not provided,pledged,,0,0,0,0,0,0,0,0,0,0,0,0,0,0,0,0,0,0,0,0,0,0,0,0,0,0,0,0,0,0,0,0,0,0,0,0,0,0,0,0,0,0,0,0,0,0,0,0,0,0,0,0,0,0,0,0,0,0,0,0,0,0,0,0,0,0,0,0,0,0,0,0,0,0,1,0,1,4,0,1,0,0,0,0,0,0,0,0,0,0,0,0,0,0,0,0,0,0,0,0,0,0,0,0,0,0,0,0,0,0,0,0,0,0,0,0,0,0,0,0,0,0,0,0,0,0,0,0,0,0,0,0,0,0,0,0,0,0,0,0,0,0,0,0,"2025/12/10, 23:22",Adam Jung,22 Fulton St,"",Owego,NY,13827-1208,United States,US,+16076870799,,AccesstoAddons,1,ShoshinThePath,0,ShoshinThePath1,1,StarterClanDigital,4,StarterClanPhysical,0,YokaiSetDigital,1,YokaiSetPhysical,0,OniMiniatureDigital,0,OniMiniaturePhysical,0,KitsuneMiniatureDigital,0,KitsuneMiniaturePhysical,0,TanukiMiniatureDigital,0,TanukiMiniaturePhysical,0,TenguMiniatureDigital,0,TenguMiniaturePhysical,0,KappaMiniatureDigital,0,KappaMiniaturePhysical,0,YureiMiniatureDigital,0,YureiMiniaturePhysical,0,ItsumadeMiniatureDigital,0,ItsumadeMiniaturePhysical,0,AmeOnnaMiniature,0,AmeOnnaMiniature1,0,NureOnnaMiniature,0,NureOnnaMiniature1,0,JubokkuMiniatureDigital,0,JubokkuMiniaturePhysical,0,TsuchigumoMiniatureDigital,0,TsuchigumoMiniaturePhysical,0,GashadokuroMiniatureDigital,0,GashadokuroMiniaturePhysical,0,CastleDigital,0,CastlePhysical,0,UltimateCastleWalls,0,UltimateCastleWalls1,0,CastleGateTower,0,CastleGateTower1,0,CastleGateTower2,0,CastleGateTower3,0,LanternsSetDigital,0,LanternsSetPhysical,0,BridgesSetDigital,0,BridgesSetPhysical,0,PondsSetDigital,0,PondsSetPhysical,0,SmallToriiPhysical,0,LargeToriiPhysical,0,ZenGardenDigital,0,ZenGardenPhysical,0,TemplePagodaDigital,0,TemplePagodaPhysical,0,TeahouseDigital,0,TeahousePhysical,0,SumoRingDigital,0,SumoRingPhysical,0,ShrineSetDigital,0,ShrineSetPhysical,0,UltimateStoneWalls,0,UltimateStoneWalls1,0,UltimateWoodenWalls,0,UltimateWoodenWalls1,0,FarmhouseVariation1,0,FarmhouseSetDigital,0,ToriiSetDigital,0,FarmhouseVariation2,0,RuinedHutDigital,0,RuinedHutPhysical,0,FarmyardSetDigital,0,FarmyardSetPhysical,0,MarketStallsSet,0,MarketStallsSet1,0,ajung@stny.rr.com,Adam Jung,United States,Digital STL files only,,
41,1219824844,Jared,jrodsteen@gmail.com,US,$0.00,Oath of Honor - Early Bird Physical,$156.00,10834126,$0.00,$156.00,$52.00,$104.00,"2025/10/24, 05:38",false,true,Not provided,pledged,,0,0,0,0,0,0,0,0,0,0,0,0,0,0,0,0,0,0,0,0,0,0,0,0,0,0,0,0,0,0,0,0,0,0,0,0,0,0,0,0,0,0,0,0,0,0,0,0,0,0,0,0,0,0,0,0,0,0,0,0,0,0,0,0,0,0,0,0,0,0,0,0,0,0,1,0,1,0,1,0,0,0,0,0,0,0,0,0,0,0,0,0,0,0,0,0,0,0,0,0,0,0,0,0,0,0,0,0,0,0,0,0,0,0,0,0,0,0,0,0,0,0,0,0,0,0,0,0,0,0,0,0,0,0,0,0,0,0,0,0,0,0,0,0,"2025/12/10, 17:56",Jared lindemann,215 Oregon Ave,,Schenectady,NY,12304-1619,United States,US,"",,AccesstoAddons,1,ShoshinThePath,0,ShoshinThePath1,1,StarterClanDigital,0,StarterClanPhysical,1,YokaiSetDigital,0,YokaiSetPhysical,0,OniMiniatureDigital,0,OniMiniaturePhysical,0,KitsuneMiniatureDigital,0,KitsuneMiniaturePhysical,0,TanukiMiniatureDigital,0,TanukiMiniaturePhysical,0,TenguMiniatureDigital,0,TenguMiniaturePhysical,0,KappaMiniatureDigital,0,KappaMiniaturePhysical,0,YureiMiniatureDigital,0,YureiMiniaturePhysical,0,ItsumadeMiniatureDigital,0,ItsumadeMiniaturePhysical,0,AmeOnnaMiniature,0,AmeOnnaMiniature1,0,NureOnnaMiniature,0,NureOnnaMiniature1,0,JubokkuMiniatureDigital,0,JubokkuMiniaturePhysical,0,TsuchigumoMiniatureDigital,0,TsuchigumoMiniaturePhysical,0,GashadokuroMiniatureDigital,0,GashadokuroMiniaturePhysical,0,CastleDigital,0,CastlePhysical,0,UltimateCastleWalls,0,UltimateCastleWalls1,0,CastleGateTower,0,CastleGateTower1,0,CastleGateTower2,0,CastleGateTower3,0,LanternsSetDigital,0,LanternsSetPhysical,0,BridgesSetDigital,0,BridgesSetPhysical,0,PondsSetDigital,0,PondsSetPhysical,0,SmallToriiPhysical,0,LargeToriiPhysical,0,ZenGardenDigital,0,ZenGardenPhysical,0,TemplePagodaDigital,0,TemplePagodaPhysical,0,TeahouseDigital,0,TeahousePhysical,0,SumoRingDigital,0,SumoRingPhysical,0,ShrineSetDigital,0,ShrineSetPhysical,0,UltimateStoneWalls,0,UltimateStoneWalls1,0,UltimateWoodenWalls,0,UltimateWoodenWalls1,0,FarmhouseVariation1,0,FarmhouseSetDigital,0,ToriiSetDigital,0,FarmhouseVariation2,0,RuinedHutDigital,0,RuinedHutPhysical,0,FarmyardSetDigital,0,FarmyardSetPhysical,0,MarketStallsSet,0,MarketStallsSet1,0,jrodsteen@gmail.com,Jared Lindemann (rodsteen_),United States,Physical miniatures only,,
42,1031417413,Joseph Zipprich,decepticonrommel@gmail.com,US,$0.00,Spiritual Awakening Early Bird Physical,$335.00,10834140,$0.00,$335.00,$0.00,$335.00,"2025/10/24, 06:20",false,false,Not provided,collected,,0,0,0,0,0,0,0,0,0,0,0,0,0,0,0,0,0,0,0,0,0,0,0,0,0,0,0,0,0,0,0,0,0,0,0,0,0,0,0,0,0,0,0,0,0,0,0,0,0,0,0,0,0,0,0,0,0,0,0,0,0,0,0,0,0,0,0,0,0,0,0,0,0,0,1,0,1,0,1,0,1,0,0,0,0,0,0,0,0,0,0,0,0,0,0,0,0,0,0,0,0,0,0,0,0,0,0,0,0,0,0,0,0,0,0,0,0,0,0,0,0,0,0,0,0,0,0,0,0,0,0,0,0,0,0,0,0,0,0,0,0,0,0,0,"2025/12/10, 17:44",Joseph Zipprich,24425 90th Ave,"",Bellerose,NY,11426-1505,United States,US,3475827499,,AccesstoAddons,1,ShoshinThePath,0,ShoshinThePath1,1,StarterClanDigital,0,StarterClanPhysical,1,YokaiSetDigital,0,YokaiSetPhysical,1,OniMiniatureDigital,0,OniMiniaturePhysical,0,KitsuneMiniatureDigital,0,KitsuneMiniaturePhysical,0,TanukiMiniatureDigital,0,TanukiMiniaturePhysical,0,TenguMiniatureDigital,0,TenguMiniaturePhysical,0,KappaMiniatureDigital,0,KappaMiniaturePhysical,0,YureiMiniatureDigital,0,YureiMiniaturePhysical,0,ItsumadeMiniatureDigital,0,ItsumadeMiniaturePhysical,0,AmeOnnaMiniature,0,AmeOnnaMiniature1,0,NureOnnaMiniature,0,NureOnnaMiniature1,0,JubokkuMiniatureDigital,0,JubokkuMiniaturePhysical,0,TsuchigumoMiniatureDigital,0,TsuchigumoMiniaturePhysical,0,GashadokuroMiniatureDigital,0,GashadokuroMiniaturePhysical,0,CastleDigital,0,CastlePhysical,0,UltimateCastleWalls,0,UltimateCastleWalls1,0,CastleGateTower,0,CastleGateTower1,0,CastleGateTower2,0,CastleGateTower3,0,LanternsSetDigital,0,LanternsSetPhysical,0,BridgesSetDigital,0,BridgesSetPhysical,0,PondsSetDigital,0,PondsSetPhysical,0,SmallToriiPhysical,0,LargeToriiPhysical,0,ZenGardenDigital,0,ZenGardenPhysical,0,TemplePagodaDigital,0,TemplePagodaPhysical,0,TeahouseDigital,0,TeahousePhysical,0,SumoRingDigital,0,SumoRingPhysical,0,ShrineSetDigital,0,ShrineSetPhysical,0,UltimateStoneWalls,0,UltimateStoneWalls1,0,UltimateWoodenWalls,0,UltimateWoodenWalls1,0,FarmhouseVariation1,0,FarmhouseSetDigital,0,ToriiSetDigital,0,FarmhouseVariation2,0,RuinedHutDigital,0,RuinedHutPhysical,0,FarmyardSetDigital,0,FarmyardSetPhysical,0,MarketStallsSet,0,MarketStallsSet1,0,Decepticonrommel@gmail.com,Joseph Zipprich,United States,Physical miniatures only,$0.00,
43,1445366864,maxxon,maxxon@iki.fi,FI,$0.00,Path of Ascension - Early Bird Special,$80.00,10834121,$0.00,$80.00,$0.00,$80.00,"2025/10/24, 06:40",false,false,Not provided,collected,,0,0,0,0,0,0,0,0,0,0,0,0,0,0,0,0,0,0,0,0,0,0,0,0,0,0,0,0,0,0,0,0,0,0,0,0,0,0,0,0,0,0,0,0,0,0,0,0,0,0,0,0,0,0,0,0,0,0,0,0,0,0,0,0,0,0,0,0,0,0,0,0,0,0,1,0,1,0,0,0,0,0,0,0,0,0,0,0,0,0,0,0,0,0,0,0,0,0,0,0,0,0,0,0,0,0,0,0,0,0,0,0,0,0,0,0,0,0,0,0,0,0,0,0,0,0,0,0,0,0,0,0,0,0,0,0,0,0,0,0,0,0,0,0,"2025/12/11, 06:38",Mikko Kurki-Suonio,Länsimetsä 3 B 1,"",Espoo,Helsinki-Uusimaa,02300,Finland,FI,+358503707269,,AccesstoAddons,1,ShoshinThePath,0,ShoshinThePath1,1,StarterClanDigital,0,StarterClanPhysical,0,YokaiSetDigital,0,YokaiSetPhysical,0,OniMiniatureDigital,0,OniMiniaturePhysical,0,KitsuneMiniatureDigital,0,KitsuneMiniaturePhysical,0,TanukiMiniatureDigital,0,TanukiMiniaturePhysical,0,TenguMiniatureDigital,0,TenguMiniaturePhysical,0,KappaMiniatureDigital,0,KappaMiniaturePhysical,0,YureiMiniatureDigital,0,YureiMiniaturePhysical,0,ItsumadeMiniatureDigital,0,ItsumadeMiniaturePhysical,0,AmeOnnaMiniature,0,AmeOnnaMiniature1,0,NureOnnaMiniature,0,NureOnnaMiniature1,0,JubokkuMiniatureDigital,0,JubokkuMiniaturePhysical,0,TsuchigumoMiniatureDigital,0,TsuchigumoMiniaturePhysical,0,GashadokuroMiniatureDigital,0,GashadokuroMiniaturePhysical,0,CastleDigital,0,CastlePhysical,0,UltimateCastleWalls,0,UltimateCastleWalls1,0,CastleGateTower,0,CastleGateTower1,0,CastleGateTower2,0,CastleGateTower3,0,LanternsSetDigital,0,LanternsSetPhysical,0,BridgesSetDigital,0,BridgesSetPhysical,0,PondsSetDigital,0,PondsSetPhysical,0,SmallToriiPhysical,0,LargeToriiPhysical,0,ZenGardenDigital,0,ZenGardenPhysical,0,TemplePagodaDigital,0,TemplePagodaPhysical,0,TeahouseDigital,0,TeahousePhysical,0,SumoRingDigital,0,SumoRingPhysical,0,ShrineSetDigital,0,ShrineSetPhysical,0,UltimateStoneWalls,0,UltimateStoneWalls1,0,UltimateWoodenWalls,0,UltimateWoodenWalls1,0,FarmhouseVariation1,0,FarmhouseSetDigital,0,ToriiSetDigital,0,FarmhouseVariation2,0,RuinedHutDigital,0,RuinedHutPhysical,0,FarmyardSetDigital,0,FarmyardSetPhysical,0,MarketStallsSet,0,MarketStallsSet1,0,maxxon@iki.fi,maxxon@iki.fi,European Union,"Not applicable to my pledge (Book, Boxset, Bonus Support)",$0.00,
44,127677564,Simone,simonettorre1@gmail.com,IT,$0.00,Path of Ascension - Early Bird Special,$80.00,10834121,$0.00,$80.00,$0.00,$80.00,"2025/10/24, 09:12",false,false,Not provided,collected,,0,0,0,0,0,0,0,0,0,0,0,0,0,0,0,0,0,0,0,0,0,0,0,0,0,0,0,0,0,0,0,0,0,0,0,0,0,0,0,0,0,0,0,0,0,0,0,0,0,0,0,0,0,0,0,0,0,0,0,0,0,0,0,0,0,0,0,0,0,0,0,0,0,0,1,0,1,0,0,0,0,0,0,0,0,0,0,0,0,0,0,0,0,0,0,0,0,0,0,0,0,0,0,0,0,0,0,0,0,0,0,0,0,0,0,0,0,0,0,0,0,0,0,0,0,0,0,0,0,0,0,0,0,0,0,0,0,0,0,0,0,0,0,0,"2025/12/10, 17:57",Simone Ettorre,Via Domenico Ciccarelli 51/B,"",Teramo,TE,64100,Italy,IT,+393337126674,,AccesstoAddons,1,ShoshinThePath,0,ShoshinThePath1,1,StarterClanDigital,0,StarterClanPhysical,0,YokaiSetDigital,0,YokaiSetPhysical,0,OniMiniatureDigital,0,OniMiniaturePhysical,0,KitsuneMiniatureDigital,0,KitsuneMiniaturePhysical,0,TanukiMiniatureDigital,0,TanukiMiniaturePhysical,0,TenguMiniatureDigital,0,TenguMiniaturePhysical,0,KappaMiniatureDigital,0,KappaMiniaturePhysical,0,YureiMiniatureDigital,0,YureiMiniaturePhysical,0,ItsumadeMiniatureDigital,0,ItsumadeMiniaturePhysical,0,AmeOnnaMiniature,0,AmeOnnaMiniature1,0,NureOnnaMiniature,0,NureOnnaMiniature1,0,JubokkuMiniatureDigital,0,JubokkuMiniaturePhysical,0,TsuchigumoMiniatureDigital,0,TsuchigumoMiniaturePhysical,0,GashadokuroMiniatureDigital,0,GashadokuroMiniaturePhysical,0,CastleDigital,0,CastlePhysical,0,UltimateCastleWalls,0,UltimateCastleWalls1,0,CastleGateTower,0,CastleGateTower1,0,CastleGateTower2,0,CastleGateTower3,0,LanternsSetDigital,0,LanternsSetPhysical,0,BridgesSetDigital,0,BridgesSetPhysical,0,PondsSetDigital,0,PondsSetPhysical,0,SmallToriiPhysical,0,LargeToriiPhysical,0,ZenGardenDigital,0,ZenGardenPhysical,0,TemplePagodaDigital,0,TemplePagodaPhysical,0,TeahouseDigital,0,TeahousePhysical,0,SumoRingDigital,0,SumoRingPhysical,0,ShrineSetDigital,0,ShrineSetPhysical,0,UltimateStoneWalls,0,UltimateStoneWalls1,0,UltimateWoodenWalls,0,UltimateWoodenWalls1,0,FarmhouseVariation1,0,FarmhouseSetDigital,0,ToriiSetDigital,0,FarmhouseVariation2,0,RuinedHutDigital,0,RuinedHutPhysical,0,FarmyardSetDigital,0,FarmyardSetPhysical,0,MarketStallsSet,0,MarketStallsSet1,0,simonettorre1@gmail.com,,European Union,"Not applicable to my pledge (Book, Boxset, Bonus Support)",$0.00,
45,1728970119,Thad Doria,telepsychic@gmail.com,US,$0.00,Path of Ascension - Early Bird Special,$80.00,10834121,$0.00,$80.00,$0.00,$80.00,"2025/10/24, 10:32",false,false,Not provided,collected,,0,0,0,0,0,0,0,0,0,0,0,0,0,0,0,0,0,0,0,0,0,0,0,0,0,0,0,0,0,0,0,0,0,0,0,0,0,0,0,0,0,0,0,0,0,0,0,0,0,0,0,0,0,0,0,0,0,0,0,0,0,0,0,0,0,0,0,0,0,0,0,0,0,0,1,0,1,0,0,0,0,0,0,0,0,0,0,0,0,0,0,0,0,0,0,0,0,0,0,0,0,0,0,0,0,0,0,0,0,0,0,0,0,0,0,0,0,0,0,0,0,0,0,0,0,0,0,0,0,0,0,0,0,0,0,0,0,0,0,0,0,0,0,0,"2025/12/10, 18:07",Thad Doria,3202 S Princeton Ave,"",Chicago,IL,60616-3614,United States,US,3124372439,,AccesstoAddons,1,ShoshinThePath,0,ShoshinThePath1,1,StarterClanDigital,0,StarterClanPhysical,0,YokaiSetDigital,0,YokaiSetPhysical,0,OniMiniatureDigital,0,OniMiniaturePhysical,0,KitsuneMiniatureDigital,0,KitsuneMiniaturePhysical,0,TanukiMiniatureDigital,0,TanukiMiniaturePhysical,0,TenguMiniatureDigital,0,TenguMiniaturePhysical,0,KappaMiniatureDigital,0,KappaMiniaturePhysical,0,YureiMiniatureDigital,0,YureiMiniaturePhysical,0,ItsumadeMiniatureDigital,0,ItsumadeMiniaturePhysical,0,AmeOnnaMiniature,0,AmeOnnaMiniature1,0,NureOnnaMiniature,0,NureOnnaMiniature1,0,JubokkuMiniatureDigital,0,JubokkuMiniaturePhysical,0,TsuchigumoMiniatureDigital,0,TsuchigumoMiniaturePhysical,0,GashadokuroMiniatureDigital,0,GashadokuroMiniaturePhysical,0,CastleDigital,0,CastlePhysical,0,UltimateCastleWalls,0,UltimateCastleWalls1,0,CastleGateTower,0,CastleGateTower1,0,CastleGateTower2,0,CastleGateTower3,0,LanternsSetDigital,0,LanternsSetPhysical,0,BridgesSetDigital,0,BridgesSetPhysical,0,PondsSetDigital,0,PondsSetPhysical,0,SmallToriiPhysical,0,LargeToriiPhysical,0,ZenGardenDigital,0,ZenGardenPhysical,0,TemplePagodaDigital,0,TemplePagodaPhysical,0,TeahouseDigital,0,TeahousePhysical,0,SumoRingDigital,0,SumoRingPhysical,0,ShrineSetDigital,0,ShrineSetPhysical,0,UltimateStoneWalls,0,UltimateStoneWalls1,0,UltimateWoodenWalls,0,UltimateWoodenWalls1,0,FarmhouseVariation1,0,FarmhouseSetDigital,0,ToriiSetDigital,0,FarmhouseVariation2,0,RuinedHutDigital,0,RuinedHutPhysical,0,FarmyardSetDigital,0,FarmyardSetPhysical,0,MarketStallsSet,0,MarketStallsSet1,0,telepsychic@gmail.com,Thad Doria,United States,Digital STL files only,$0.00,
47,2020349845,Inga Sörman,tegnelius@hotmail.com,SE,$0.00,Beginner's Mind - Early Bird Special,$49.00,10834117,$0.00,$49.00,$0.00,$49.00,"2025/10/24, 10:59",false,false,Not provided,collected,,0,0,0,0,0,0,0,0,0,0,0,0,0,0,0,0,0,0,0,0,0,0,0,0,0,0,0,0,0,0,0,0,0,0,0,0,0,0,0,0,0,0,0,0,0,0,0,0,0,0,0,0,0,0,0,0,0,0,0,0,0,0,0,0,0,0,0,0,0,0,0,0,0,0,1,1,0,0,0,0,0,0,0,0,0,0,0,0,0,0,0,0,0,0,0,0,0,0,0,0,0,0,0,0,0,0,0,0,0,0,0,0,0,0,0,0,0,0,0,0,0,0,0,0,0,0,0,0,0,0,0,0,0,0,0,0,0,0,0,0,0,0,0,0,"2025/12/10, 18:32",Daniel Tegnelius,Eyragatan 8,"",Orebro,NA,70225,Sweden,SE,0703242102,,AccesstoAddons,1,ShoshinThePath,1,ShoshinThePath1,0,StarterClanDigital,0,StarterClanPhysical,0,YokaiSetDigital,0,YokaiSetPhysical,0,OniMiniatureDigital,0,OniMiniaturePhysical,0,KitsuneMiniatureDigital,0,KitsuneMiniaturePhysical,0,TanukiMiniatureDigital,0,TanukiMiniaturePhysical,0,TenguMiniatureDigital,0,TenguMiniaturePhysical,0,KappaMiniatureDigital,0,KappaMiniaturePhysical,0,YureiMiniatureDigital,0,YureiMiniaturePhysical,0,ItsumadeMiniatureDigital,0,ItsumadeMiniaturePhysical,0,AmeOnnaMiniature,0,AmeOnnaMiniature1,0,NureOnnaMiniature,0,NureOnnaMiniature1,0,JubokkuMiniatureDigital,0,JubokkuMiniaturePhysical,0,TsuchigumoMiniatureDigital,0,TsuchigumoMiniaturePhysical,0,GashadokuroMiniatureDigital,0,GashadokuroMiniaturePhysical,0,CastleDigital,0,CastlePhysical,0,UltimateCastleWalls,0,UltimateCastleWalls1,0,CastleGateTower,0,CastleGateTower1,0,CastleGateTower2,0,CastleGateTower3,0,LanternsSetDigital,0,LanternsSetPhysical,0,BridgesSetDigital,0,BridgesSetPhysical,0,PondsSetDigital,0,PondsSetPhysical,0,SmallToriiPhysical,0,LargeToriiPhysical,0,ZenGardenDigital,0,ZenGardenPhysical,0,TemplePagodaDigital,0,TemplePagodaPhysical,0,TeahouseDigital,0,TeahousePhysical,0,SumoRingDigital,0,SumoRingPhysical,0,ShrineSetDigital,0,ShrineSetPhysical,0,UltimateStoneWalls,0,UltimateStoneWalls1,0,UltimateWoodenWalls,0,UltimateWoodenWalls1,0,FarmhouseVariation1,0,FarmhouseSetDigital,0,ToriiSetDigital,0,FarmhouseVariation2,0,RuinedHutDigital,0,RuinedHutPhysical,0,FarmyardSetDigital,0,FarmyardSetPhysical,0,MarketStallsSet,0,MarketStallsSet1,0,Tegnelius@hotmail.com,Inga Sörman,European Union,"Not applicable to my pledge (Book, Boxset, Bonus Support)",$0.00,
48,525510947,Joseph Albanese,josephalbanesemusic@gmail.com,US,$0.00,Oath of Honor - Early Bird Digital,$106.00,10834124,$0.00,$106.00,$0.00,$106.00,"2025/10/24, 12:19",false,false,Not provided,collected,,0,0,0,0,0,0,0,0,0,0,0,0,0,0,0,0,0,0,0,0,0,0,0,0,0,0,0,0,0,0,0,0,0,0,0,0,0,0,0,0,0,0,0,0,0,0,0,0,0,0,0,0,0,0,0,0,0,0,0,0,0,0,0,0,0,0,0,0,0,0,0,0,0,0,1,0,1,1,0,0,0,0,0,0,0,0,0,0,0,0,0,0,0,0,0,0,0,0,0,0,0,0,0,0,0,0,0,0,0,0,0,0,0,0,0,0,0,0,0,0,0,0,0,0,0,0,0,0,0,0,0,0,0,0,0,0,0,0,0,0,0,0,0,0,"2025/12/10, 20:04",Joseph Albanese,339 Mill Rd,,Medford,NY,11763-1671,United States,US,+16313106776,,AccesstoAddons,1,ShoshinThePath,0,ShoshinThePath1,1,StarterClanDigital,1,StarterClanPhysical,0,YokaiSetDigital,0,YokaiSetPhysical,0,OniMiniatureDigital,0,OniMiniaturePhysical,0,KitsuneMiniatureDigital,0,KitsuneMiniaturePhysical,0,TanukiMiniatureDigital,0,TanukiMiniaturePhysical,0,TenguMiniatureDigital,0,TenguMiniaturePhysical,0,KappaMiniatureDigital,0,KappaMiniaturePhysical,0,YureiMiniatureDigital,0,YureiMiniaturePhysical,0,ItsumadeMiniatureDigital,0,ItsumadeMiniaturePhysical,0,AmeOnnaMiniature,0,AmeOnnaMiniature1,0,NureOnnaMiniature,0,NureOnnaMiniature1,0,JubokkuMiniatureDigital,0,JubokkuMiniaturePhysical,0,TsuchigumoMiniatureDigital,0,TsuchigumoMiniaturePhysical,0,GashadokuroMiniatureDigital,0,GashadokuroMiniaturePhysical,0,CastleDigital,0,CastlePhysical,0,UltimateCastleWalls,0,UltimateCastleWalls1,0,CastleGateTower,0,CastleGateTower1,0,CastleGateTower2,0,CastleGateTower3,0,LanternsSetDigital,0,LanternsSetPhysical,0,BridgesSetDigital,0,BridgesSetPhysical,0,PondsSetDigital,0,PondsSetPhysical,0,SmallToriiPhysical,0,LargeToriiPhysical,0,ZenGardenDigital,0,ZenGardenPhysical,0,TemplePagodaDigital,0,TemplePagodaPhysical,0,TeahouseDigital,0,TeahousePhysical,0,SumoRingDigital,0,SumoRingPhysical,0,ShrineSetDigital,0,ShrineSetPhysical,0,UltimateStoneWalls,0,UltimateStoneWalls1,0,UltimateWoodenWalls,0,UltimateWoodenWalls1,0,FarmhouseVariation1,0,FarmhouseSetDigital,0,ToriiSetDigital,0,FarmhouseVariation2,0,RuinedHutDigital,0,RuinedHutPhysical,0,FarmyardSetDigital,0,FarmyardSetPhysical,0,MarketStallsSet,0,MarketStallsSet1,0,Josephalbanesemusic@gmail.com,Joseph Albanese,United States,Digital STL files only,$0.00,
51,988846971,Edward Liu,edwardliu168@gmail.com,US,$0.00,Heaven's Will - Early Bird Physical,$562.00,10834144,$0.00,$562.00,$187.34,$374.66,"2025/10/24, 13:30",false,true,Not provided,pledged,,0,0,0,0,0,0,0,0,0,0,0,0,0,0,0,0,0,0,0,0,0,0,0,0,0,0,0,0,0,0,0,0,0,0,0,0,0,0,0,0,0,0,0,0,0,0,0,0,0,0,0,0,0,0,0,0,0,0,0,0,0,0,0,0,0,0,0,0,0,0,0,0,0,0,1,0,1,0,4,0,1,0,0,0,0,0,0,0,0,0,0,0,0,0,0,0,0,0,0,0,0,0,0,0,0,0,0,0,0,0,0,0,0,0,0,0,0,0,0,0,0,0,0,0,0,0,0,0,0,0,0,0,0,0,0,0,0,0,0,0,0,0,0,0,"2025/12/12, 02:29",Edward Detian Liu,190 Proctor,,Irvine,CA,92618-5901,United States,US,+16268251228,,AccesstoAddons,1,ShoshinThePath,0,ShoshinThePath1,1,StarterClanDigital,0,StarterClanPhysical,4,YokaiSetDigital,0,YokaiSetPhysical,1,OniMiniatureDigital,0,OniMiniaturePhysical,0,KitsuneMiniatureDigital,0,KitsuneMiniaturePhysical,0,TanukiMiniatureDigital,0,TanukiMiniaturePhysical,0,TenguMiniatureDigital,0,TenguMiniaturePhysical,0,KappaMiniatureDigital,0,KappaMiniaturePhysical,0,YureiMiniatureDigital,0,YureiMiniaturePhysical,0,ItsumadeMiniatureDigital,0,ItsumadeMiniaturePhysical,0,AmeOnnaMiniature,0,AmeOnnaMiniature1,0,NureOnnaMiniature,0,NureOnnaMiniature1,0,JubokkuMiniatureDigital,0,JubokkuMiniaturePhysical,0,TsuchigumoMiniatureDigital,0,TsuchigumoMiniaturePhysical,0,GashadokuroMiniatureDigital,0,GashadokuroMiniaturePhysical,0,CastleDigital,0,CastlePhysical,0,UltimateCastleWalls,0,UltimateCastleWalls1,0,CastleGateTower,0,CastleGateTower1,0,CastleGateTower2,0,CastleGateTower3,0,LanternsSetDigital,0,LanternsSetPhysical,0,BridgesSetDigital,0,BridgesSetPhysical,0,PondsSetDigital,0,PondsSetPhysical,0,SmallToriiPhysical,0,LargeToriiPhysical,0,ZenGardenDigital,0,ZenGardenPhysical,0,TemplePagodaDigital,0,TemplePagodaPhysical,0,TeahouseDigital,0,TeahousePhysical,0,SumoRingDigital,0,SumoRingPhysical,0,ShrineSetDigital,0,ShrineSetPhysical,0,UltimateStoneWalls,0,UltimateStoneWalls1,0,UltimateWoodenWalls,0,UltimateWoodenWalls1,0,FarmhouseVariation1,0,FarmhouseSetDigital,0,ToriiSetDigital,0,FarmhouseVariation2,0,RuinedHutDigital,0,RuinedHutPhysical,0,FarmyardSetDigital,0,FarmyardSetPhysical,0,MarketStallsSet,0,MarketStallsSet1,0,edwardliu168@gmail.com,Edward Liu,United States,Both digital and physical,,
52,1674067117,Philip andrews,Philipwalterandrews@gmail.com,US,$0.00,Heaven's Will - Early Bird Digital,$265.00,10834133,$0.00,$265.00,$0.00,$265.00,"2025/10/24, 14:08",false,false,Not provided,collected,,0,0,0,0,0,0,0,0,0,0,0,0,0,0,0,0,0,0,0,0,0,0,0,0,0,0,0,0,0,0,0,0,0,0,0,0,0,0,0,0,0,0,0,0,0,0,0,0,0,0,0,0,0,0,0,0,0,0,0,0,0,0,0,0,0,0,0,0,0,0,0,0,0,0,1,0,1,4,0,1,0,0,0,0,0,0,0,0,0,0,0,0,0,0,0,0,0,0,0,0,0,0,0,0,0,0,0,0,0,0,0,0,0,0,0,0,0,0,0,0,0,0,0,0,0,0,0,0,0,0,0,0,0,0,0,0,0,0,0,0,0,0,0,0,"2025/12/12, 17:50",Philip Andrews,8629 Rainy Lake Dr,N/A,Fort Worth,TX,76244-7939,United States,US,+18703711260,,AccesstoAddons,1,ShoshinThePath,0,ShoshinThePath1,1,StarterClanDigital,4,StarterClanPhysical,0,YokaiSetDigital,1,YokaiSetPhysical,0,OniMiniatureDigital,0,OniMiniaturePhysical,0,KitsuneMiniatureDigital,0,KitsuneMiniaturePhysical,0,TanukiMiniatureDigital,0,TanukiMiniaturePhysical,0,TenguMiniatureDigital,0,TenguMiniaturePhysical,0,KappaMiniatureDigital,0,KappaMiniaturePhysical,0,YureiMiniatureDigital,0,YureiMiniaturePhysical,0,ItsumadeMiniatureDigital,0,ItsumadeMiniaturePhysical,0,AmeOnnaMiniature,0,AmeOnnaMiniature1,0,NureOnnaMiniature,0,NureOnnaMiniature1,0,JubokkuMiniatureDigital,0,JubokkuMiniaturePhysical,0,TsuchigumoMiniatureDigital,0,TsuchigumoMiniaturePhysical,0,GashadokuroMiniatureDigital,0,GashadokuroMiniaturePhysical,0,CastleDigital,0,CastlePhysical,0,UltimateCastleWalls,0,UltimateCastleWalls1,0,CastleGateTower,0,CastleGateTower1,0,CastleGateTower2,0,CastleGateTower3,0,LanternsSetDigital,0,LanternsSetPhysical,0,BridgesSetDigital,0,BridgesSetPhysical,0,PondsSetDigital,0,PondsSetPhysical,0,SmallToriiPhysical,0,LargeToriiPhysical,0,ZenGardenDigital,0,ZenGardenPhysical,0,TemplePagodaDigital,0,TemplePagodaPhysical,0,TeahouseDigital,0,TeahousePhysical,0,SumoRingDigital,0,SumoRingPhysical,0,ShrineSetDigital,0,ShrineSetPhysical,0,UltimateStoneWalls,0,UltimateStoneWalls1,0,UltimateWoodenWalls,0,UltimateWoodenWalls1,0,FarmhouseVariation1,0,FarmhouseSetDigital,0,ToriiSetDigital,0,FarmhouseVariation2,0,RuinedHutDigital,0,RuinedHutPhysical,0,FarmyardSetDigital,0,FarmyardSetPhysical,0,MarketStallsSet,0,MarketStallsSet1,0,philipwalterandrews@gmail.com,Philip Andrews,United States,Digital STL files only,$0.00,
55,41224734,tabletopboardgames,TTBG.jeff@gmail.com,US,$0.00,Heaven's Will - Early Bird Digital,$265.00,10834133,$0.00,$265.00,$0.00,$265.00,"2025/10/24, 15:50",false,false,Not provided,collected,,0,0,0,0,0,0,0,0,0,0,0,0,0,0,0,0,0,0,0,0,0,0,0,0,0,0,0,0,0,0,0,0,0,0,0,0,0,0,0,0,0,0,0,0,0,0,0,0,0,0,0,0,0,0,0,0,0,0,0,0,0,0,0,0,0,0,0,0,0,0,0,0,0,0,1,0,1,4,0,1,0,0,0,0,0,0,0,0,0,0,0,0,0,0,0,0,0,0,0,0,0,0,0,0,0,0,0,0,0,0,0,0,0,0,0,0,0,0,0,0,0,0,0,0,0,0,0,0,0,0,0,0,0,0,0,0,0,0,0,0,0,0,0,0,"2025/12/10, 18:29",Jeff La Belle,7842 South Newberry Lane,"",Tempe,AZ,85284-1516,United States,US,"",,AccesstoAddons,1,ShoshinThePath,0,ShoshinThePath1,1,StarterClanDigital,4,StarterClanPhysical,0,YokaiSetDigital,1,YokaiSetPhysical,0,OniMiniatureDigital,0,OniMiniaturePhysical,0,KitsuneMiniatureDigital,0,KitsuneMiniaturePhysical,0,TanukiMiniatureDigital,0,TanukiMiniaturePhysical,0,TenguMiniatureDigital,0,TenguMiniaturePhysical,0,KappaMiniatureDigital,0,KappaMiniaturePhysical,0,YureiMiniatureDigital,0,YureiMiniaturePhysical,0,ItsumadeMiniatureDigital,0,ItsumadeMiniaturePhysical,0,AmeOnnaMiniature,0,AmeOnnaMiniature1,0,NureOnnaMiniature,0,NureOnnaMiniature1,0,JubokkuMiniatureDigital,0,JubokkuMiniaturePhysical,0,TsuchigumoMiniatureDigital,0,TsuchigumoMiniaturePhysical,0,GashadokuroMiniatureDigital,0,GashadokuroMiniaturePhysical,0,CastleDigital,0,CastlePhysical,0,UltimateCastleWalls,0,UltimateCastleWalls1,0,CastleGateTower,0,CastleGateTower1,0,CastleGateTower2,0,CastleGateTower3,0,LanternsSetDigital,0,LanternsSetPhysical,0,BridgesSetDigital,0,BridgesSetPhysical,0,PondsSetDigital,0,PondsSetPhysical,0,SmallToriiPhysical,0,LargeToriiPhysical,0,ZenGardenDigital,0,ZenGardenPhysical,0,TemplePagodaDigital,0,TemplePagodaPhysical,0,TeahouseDigital,0,TeahousePhysical,0,SumoRingDigital,0,SumoRingPhysical,0,ShrineSetDigital,0,ShrineSetPhysical,0,UltimateStoneWalls,0,UltimateStoneWalls1,0,UltimateWoodenWalls,0,UltimateWoodenWalls1,0,FarmhouseVariation1,0,FarmhouseSetDigital,0,ToriiSetDigital,0,FarmhouseVariation2,0,RuinedHutDigital,0,RuinedHutPhysical,0,FarmyardSetDigital,0,FarmyardSetPhysical,0,MarketStallsSet,0,MarketStallsSet1,0,ttbg.jeff@gmail.com,tabletopboardgames,United States,Digital STL files only,$0.00,
56,1072395671,Ronald Foster,ronaldfoster223@btinternet.com,GB,$0.00,Path of Ascension - Early Bird Special,$80.00,10834121,$0.00,$80.00,$0.00,$80.00,"2025/10/24, 15:53",false,false,Not provided,collected,,0,0,0,0,0,0,0,0,0,0,0,0,0,0,0,0,0,0,0,0,0,0,0,0,0,0,0,0,0,0,0,0,0,0,0,0,0,0,0,0,0,0,0,0,0,0,0,0,0,0,0,0,0,0,0,0,0,0,0,0,0,0,0,0,0,0,0,0,0,0,0,0,0,0,1,0,1,0,0,0,0,0,0,0,0,0,0,0,0,0,0,0,0,0,0,0,0,0,0,0,0,0,0,0,0,0,0,0,0,0,0,0,0,0,0,0,0,0,0,0,0,0,0,0,0,0,0,0,0,0,0,0,0,0,0,0,0,0,0,0,0,0,0,0,"2025/12/10, 17:42",Ronald Foster,58 Frank Street,"",Widnes Cheshire,United Kingdom (+44),WA8 0AH,United Kingdom,GB,+447748485994,,AccesstoAddons,1,ShoshinThePath,0,ShoshinThePath1,1,StarterClanDigital,0,StarterClanPhysical,0,YokaiSetDigital,0,YokaiSetPhysical,0,OniMiniatureDigital,0,OniMiniaturePhysical,0,KitsuneMiniatureDigital,0,KitsuneMiniaturePhysical,0,TanukiMiniatureDigital,0,TanukiMiniaturePhysical,0,TenguMiniatureDigital,0,TenguMiniaturePhysical,0,KappaMiniatureDigital,0,KappaMiniaturePhysical,0,YureiMiniatureDigital,0,YureiMiniaturePhysical,0,ItsumadeMiniatureDigital,0,ItsumadeMiniaturePhysical,0,AmeOnnaMiniature,0,AmeOnnaMiniature1,0,NureOnnaMiniature,0,NureOnnaMiniature1,0,JubokkuMiniatureDigital,0,JubokkuMiniaturePhysical,0,TsuchigumoMiniatureDigital,0,TsuchigumoMiniaturePhysical,0,GashadokuroMiniatureDigital,0,GashadokuroMiniaturePhysical,0,CastleDigital,0,CastlePhysical,0,UltimateCastleWalls,0,UltimateCastleWalls1,0,CastleGateTower,0,CastleGateTower1,0,CastleGateTower2,0,CastleGateTower3,0,LanternsSetDigital,0,LanternsSetPhysical,0,BridgesSetDigital,0,BridgesSetPhysical,0,PondsSetDigital,0,PondsSetPhysical,0,SmallToriiPhysical,0,LargeToriiPhysical,0,ZenGardenDigital,0,ZenGardenPhysical,0,TemplePagodaDigital,0,TemplePagodaPhysical,0,TeahouseDigital,0,TeahousePhysical,0,SumoRingDigital,0,SumoRingPhysical,0,ShrineSetDigital,0,ShrineSetPhysical,0,UltimateStoneWalls,0,UltimateStoneWalls1,0,UltimateWoodenWalls,0,UltimateWoodenWalls1,0,FarmhouseVariation1,0,FarmhouseSetDigital,0,ToriiSetDigital,0,FarmhouseVariation2,0,RuinedHutDigital,0,RuinedHutPhysical,0,FarmyardSetDigital,0,FarmyardSetPhysical,0,MarketStallsSet,0,MarketStallsSet1,0,Ronaldfoster223@btinternet.com,Ronald Foster,United Kingdom,"Not applicable to my pledge (Book, Boxset, Bonus Support)",$0.00,
57,802117905,Kris,krisheyden@gmail.com,US,$0.00,Heaven's Will - Early Bird Digital,$379.00,10834133,$0.00,$379.00,$0.00,$379.00,"2025/10/24, 16:40",false,false,Not provided,collected,,1,0,0,0,0,0,0,1,1,1,0,1,1,1,0,1,1,1,1,1,1,0,0,0,0,1,1,0,0,1,0,1,0,0,0,0,0,0,0,0,0,0,0,0,0,0,0,0,0,0,0,0,0,0,0,0,0,0,0,0,0,0,0,0,0,0,0,0,0,0,0,0,0,0,1,0,1,4,0,1,0,1,0,0,0,0,0,0,1,1,1,0,1,1,1,0,1,1,1,1,1,1,0,0,0,0,1,1,0,0,1,0,1,0,0,0,0,0,0,0,0,0,0,0,0,0,0,0,0,0,0,0,0,0,0,0,0,0,0,0,0,0,0,0,"2025/12/10, 17:38",Kris Heyden,1001 Barnhill Dr,"",Mundelein,IL,60060-9141,United States,US,"",,AccesstoAddons,1,ShoshinThePath,0,ShoshinThePath1,1,StarterClanDigital,4,StarterClanPhysical,0,YokaiSetDigital,1,YokaiSetPhysical,0,OniMiniatureDigital,0,OniMiniaturePhysical,0,KitsuneMiniatureDigital,0,KitsuneMiniaturePhysical,0,TanukiMiniatureDigital,0,TanukiMiniaturePhysical,0,TenguMiniatureDigital,0,TenguMiniaturePhysical,0,KappaMiniatureDigital,0,KappaMiniaturePhysical,0,YureiMiniatureDigital,0,YureiMiniaturePhysical,0,ItsumadeMiniatureDigital,0,ItsumadeMiniaturePhysical,0,AmeOnnaMiniature,0,AmeOnnaMiniature1,0,NureOnnaMiniature,0,NureOnnaMiniature1,0,JubokkuMiniatureDigital,0,JubokkuMiniaturePhysical,0,TsuchigumoMiniatureDigital,0,TsuchigumoMiniaturePhysical,0,GashadokuroMiniatureDigital,0,GashadokuroMiniaturePhysical,0,CastleDigital,0,CastlePhysical,0,UltimateCastleWalls,1,UltimateCastleWalls1,0,CastleGateTower,1,CastleGateTower1,0,CastleGateTower2,1,CastleGateTower3,0,LanternsSetDigital,1,LanternsSetPhysical,0,BridgesSetDigital,1,BridgesSetPhysical,0,PondsSetDigital,1,PondsSetPhysical,0,SmallToriiPhysical,0,LargeToriiPhysical,0,ZenGardenDigital,1,ZenGardenPhysical,0,TemplePagodaDigital,1,TemplePagodaPhysical,0,TeahouseDigital,1,TeahousePhysical,0,SumoRingDigital,1,SumoRingPhysical,0,ShrineSetDigital,0,ShrineSetPhysical,0,UltimateStoneWalls,1,UltimateStoneWalls1,0,UltimateWoodenWalls,1,UltimateWoodenWalls1,0,FarmhouseVariation1,0,FarmhouseSetDigital,1,ToriiSetDigital,1,FarmhouseVariation2,0,RuinedHutDigital,1,RuinedHutPhysical,0,FarmyardSetDigital,1,FarmyardSetPhysical,0,MarketStallsSet,1,MarketStallsSet1,0,krisheyden@gmail.com,,United States,Digital STL files only,$0.00,
58,1310464049,Thomas Smith,thomasksak@gmail.com,US,$0.00,Path of Ascension - Early Bird Special,$80.00,10834121,$0.00,$80.00,$0.00,$80.00,"2025/10/24, 16:43",false,false,Not provided,collected,,0,0,0,0,0,0,0,0,0,0,0,0,0,0,0,0,0,0,0,0,0,0,0,0,0,0,0,0,0,0,0,0,0,0,0,0,0,0,0,0,0,0,0,0,0,0,0,0,0,0,0,0,0,0,0,0,0,0,0,0,0,0,0,0,0,0,0,0,0,0,0,0,0,0,1,0,1,0,0,0,0,0,0,0,0,0,0,0,0,0,0,0,0,0,0,0,0,0,0,0,0,0,0,0,0,0,0,0,0,0,0,0,0,0,0,0,0,0,0,0,0,0,0,0,0,0,0,0,0,0,0,0,0,0,0,0,0,0,0,0,0,0,0,0,"2025/12/10, 18:33",Thomas Smith,817 Shady Creek Dr,,Springfield,OR,97478-8578,United States,US,+19135933232,,AccesstoAddons,1,ShoshinThePath,0,ShoshinThePath1,1,StarterClanDigital,0,StarterClanPhysical,0,YokaiSetDigital,0,YokaiSetPhysical,0,OniMiniatureDigital,0,OniMiniaturePhysical,0,KitsuneMiniatureDigital,0,KitsuneMiniaturePhysical,0,TanukiMiniatureDigital,0,TanukiMiniaturePhysical,0,TenguMiniatureDigital,0,TenguMiniaturePhysical,0,KappaMiniatureDigital,0,KappaMiniaturePhysical,0,YureiMiniatureDigital,0,YureiMiniaturePhysical,0,ItsumadeMiniatureDigital,0,ItsumadeMiniaturePhysical,0,AmeOnnaMiniature,0,AmeOnnaMiniature1,0,NureOnnaMiniature,0,NureOnnaMiniature1,0,JubokkuMiniatureDigital,0,JubokkuMiniaturePhysical,0,TsuchigumoMiniatureDigital,0,TsuchigumoMiniaturePhysical,0,GashadokuroMiniatureDigital,0,GashadokuroMiniaturePhysical,0,CastleDigital,0,CastlePhysical,0,UltimateCastleWalls,0,UltimateCastleWalls1,0,CastleGateTower,0,CastleGateTower1,0,CastleGateTower2,0,CastleGateTower3,0,LanternsSetDigital,0,LanternsSetPhysical,0,BridgesSetDigital,0,BridgesSetPhysical,0,PondsSetDigital,0,PondsSetPhysical,0,SmallToriiPhysical,0,LargeToriiPhysical,0,ZenGardenDigital,0,ZenGardenPhysical,0,TemplePagodaDigital,0,TemplePagodaPhysical,0,TeahouseDigital,0,TeahousePhysical,0,SumoRingDigital,0,SumoRingPhysical,0,ShrineSetDigital,0,ShrineSetPhysical,0,UltimateStoneWalls,0,UltimateStoneWalls1,0,UltimateWoodenWalls,0,UltimateWoodenWalls1,0,FarmhouseVariation1,0,FarmhouseSetDigital,0,ToriiSetDigital,0,FarmhouseVariation2,0,RuinedHutDigital,0,RuinedHutPhysical,0,FarmyardSetDigital,0,FarmyardSetPhysical,0,MarketStallsSet,0,MarketStallsSet1,0,thomasksak@gmail.com,Thomas Smith,United States,Digital STL files only,$0.00,
59,1375632966,Wayniak™,phillytoyz@yahoo.com,US,$0.00,Oath of Honor - Early Bird Physical,$156.00,10834126,$0.00,$156.00,$0.00,$156.00,"2025/10/24, 17:27",false,false,Not provided,collected,,0,0,0,0,0,0,0,0,0,0,0,0,0,0,0,0,0,0,0,0,0,0,0,0,0,0,0,0,0,0,0,0,0,0,0,0,0,0,0,0,0,0,0,0,0,0,0,0,0,0,0,0,0,0,0,0,0,0,0,0,0,0,0,0,0,0,0,0,0,0,0,0,0,0,1,0,1,0,1,0,0,0,0,0,0,0,0,0,0,0,0,0,0,0,0,0,0,0,0,0,0,0,0,0,0,0,0,0,0,0,0,0,0,0,0,0,0,0,0,0,0,0,0,0,0,0,0,0,0,0,0,0,0,0,0,0,0,0,0,0,0,0,0,0,"2025/12/11, 07:29",Wayne R. Park,PO Box 547,"",Londonderry,VT,05148-0547,United States,US,401-439-9723,,AccesstoAddons,1,ShoshinThePath,0,ShoshinThePath1,1,StarterClanDigital,0,StarterClanPhysical,1,YokaiSetDigital,0,YokaiSetPhysical,0,OniMiniatureDigital,0,OniMiniaturePhysical,0,KitsuneMiniatureDigital,0,KitsuneMiniaturePhysical,0,TanukiMiniatureDigital,0,TanukiMiniaturePhysical,0,TenguMiniatureDigital,0,TenguMiniaturePhysical,0,KappaMiniatureDigital,0,KappaMiniaturePhysical,0,YureiMiniatureDigital,0,YureiMiniaturePhysical,0,ItsumadeMiniatureDigital,0,ItsumadeMiniaturePhysical,0,AmeOnnaMiniature,0,AmeOnnaMiniature1,0,NureOnnaMiniature,0,NureOnnaMiniature1,0,JubokkuMiniatureDigital,0,JubokkuMiniaturePhysical,0,TsuchigumoMiniatureDigital,0,TsuchigumoMiniaturePhysical,0,GashadokuroMiniatureDigital,0,GashadokuroMiniaturePhysical,0,CastleDigital,0,CastlePhysical,0,UltimateCastleWalls,0,UltimateCastleWalls1,0,CastleGateTower,0,CastleGateTower1,0,CastleGateTower2,0,CastleGateTower3,0,LanternsSetDigital,0,LanternsSetPhysical,0,BridgesSetDigital,0,BridgesSetPhysical,0,PondsSetDigital,0,PondsSetPhysical,0,SmallToriiPhysical,0,LargeToriiPhysical,0,ZenGardenDigital,0,ZenGardenPhysical,0,TemplePagodaDigital,0,TemplePagodaPhysical,0,TeahouseDigital,0,TeahousePhysical,0,SumoRingDigital,0,SumoRingPhysical,0,ShrineSetDigital,0,ShrineSetPhysical,0,UltimateStoneWalls,0,UltimateStoneWalls1,0,UltimateWoodenWalls,0,UltimateWoodenWalls1,0,FarmhouseVariation1,0,FarmhouseSetDigital,0,ToriiSetDigital,0,FarmhouseVariation2,0,RuinedHutDigital,0,RuinedHutPhysical,0,FarmyardSetDigital,0,FarmyardSetPhysical,0,MarketStallsSet,0,MarketStallsSet1,0,Phillytoyz@yahoo.com,Wayniak,United States,Both digital and physical,$0.00,
60,835746309,Ramon Solhkhah,ramsol@me.com,US,$0.00,Heaven's Will - Early Bird Physical,$562.00,10834144,$0.00,$562.00,$0.00,$562.00,"2025/10/24, 17:48",false,false,Not provided,collected,,0,0,0,0,0,0,0,0,0,0,0,0,0,0,0,0,0,0,0,0,0,0,0,0,0,0,0,0,0,0,0,0,0,0,0,0,0,0,0,0,0,0,0,0,0,0,0,0,0,0,0,0,0,0,0,0,0,0,0,0,0,0,0,0,0,0,0,0,0,0,0,0,0,0,1,0,1,0,4,0,1,0,0,0,0,0,0,0,0,0,0,0,0,0,0,0,0,0,0,0,0,0,0,0,0,0,0,0,0,0,0,0,0,0,0,0,0,0,0,0,0,0,0,0,0,0,0,0,0,0,0,0,0,0,0,0,0,0,0,0,0,0,0,0,"2025/12/10, 17:43","Ramon Solhkhah MD, MBA",591 W Old Mill Rd,"",Lake Forest,IL,60045-3830,United States,US,+19172932740,,AccesstoAddons,1,ShoshinThePath,0,ShoshinThePath1,1,StarterClanDigital,0,StarterClanPhysical,4,YokaiSetDigital,0,YokaiSetPhysical,1,OniMiniatureDigital,0,OniMiniaturePhysical,0,KitsuneMiniatureDigital,0,KitsuneMiniaturePhysical,0,TanukiMiniatureDigital,0,TanukiMiniaturePhysical,0,TenguMiniatureDigital,0,TenguMiniaturePhysical,0,KappaMiniatureDigital,0,KappaMiniaturePhysical,0,YureiMiniatureDigital,0,YureiMiniaturePhysical,0,ItsumadeMiniatureDigital,0,ItsumadeMiniaturePhysical,0,AmeOnnaMiniature,0,AmeOnnaMiniature1,0,NureOnnaMiniature,0,NureOnnaMiniature1,0,JubokkuMiniatureDigital,0,JubokkuMiniaturePhysical,0,TsuchigumoMiniatureDigital,0,TsuchigumoMiniaturePhysical,0,GashadokuroMiniatureDigital,0,GashadokuroMiniaturePhysical,0,CastleDigital,0,CastlePhysical,0,UltimateCastleWalls,0,UltimateCastleWalls1,0,CastleGateTower,0,CastleGateTower1,0,CastleGateTower2,0,CastleGateTower3,0,LanternsSetDigital,0,LanternsSetPhysical,0,BridgesSetDigital,0,BridgesSetPhysical,0,PondsSetDigital,0,PondsSetPhysical,0,SmallToriiPhysical,0,LargeToriiPhysical,0,ZenGardenDigital,0,ZenGardenPhysical,0,TemplePagodaDigital,0,TemplePagodaPhysical,0,TeahouseDigital,0,TeahousePhysical,0,SumoRingDigital,0,SumoRingPhysical,0,ShrineSetDigital,0,ShrineSetPhysical,0,UltimateStoneWalls,0,UltimateStoneWalls1,0,UltimateWoodenWalls,0,UltimateWoodenWalls1,0,FarmhouseVariation1,0,FarmhouseSetDigital,0,ToriiSetDigital,0,FarmhouseVariation2,0,RuinedHutDigital,0,RuinedHutPhysical,0,FarmyardSetDigital,0,FarmyardSetPhysical,0,MarketStallsSet,0,MarketStallsSet1,0,ramsol@me.com,Ramon Solhkhah,United States,Both digital and physical,$0.00,
61,1217302100,Kroko,krokodil2001@gmx.de,DE,$0.00,Path of Ascension - Early Bird Special,$80.00,10834121,$0.00,$80.00,$0.00,$80.00,"2025/10/24, 18:32",false,false,Not provided,collected,,0,0,0,0,0,0,0,0,0,0,0,0,0,0,0,0,0,0,0,0,0,0,0,0,0,0,0,0,0,0,0,0,0,0,0,0,0,0,0,0,0,0,0,0,0,0,0,0,0,0,0,0,0,0,0,0,0,0,0,0,0,0,0,0,0,0,0,0,0,0,0,0,0,0,1,0,1,0,0,0,0,0,0,0,0,0,0,0,0,0,0,0,0,0,0,0,0,0,0,0,0,0,0,0,0,0,0,0,0,0,0,0,0,0,0,0,0,0,0,0,0,0,0,0,0,0,0,0,0,0,0,0,0,0,0,0,0,0,0,0,0,0,0,0,"2025/12/12, 22:33",Sabine Haumer,Schlehenring 6,"",Kirchheim b. München,Bayern,85551,Germany,DE,"",,AccesstoAddons,1,ShoshinThePath,0,ShoshinThePath1,1,StarterClanDigital,0,StarterClanPhysical,0,YokaiSetDigital,0,YokaiSetPhysical,0,OniMiniatureDigital,0,OniMiniaturePhysical,0,KitsuneMiniatureDigital,0,KitsuneMiniaturePhysical,0,TanukiMiniatureDigital,0,TanukiMiniaturePhysical,0,TenguMiniatureDigital,0,TenguMiniaturePhysical,0,KappaMiniatureDigital,0,KappaMiniaturePhysical,0,YureiMiniatureDigital,0,YureiMiniaturePhysical,0,ItsumadeMiniatureDigital,0,ItsumadeMiniaturePhysical,0,AmeOnnaMiniature,0,AmeOnnaMiniature1,0,NureOnnaMiniature,0,NureOnnaMiniature1,0,JubokkuMiniatureDigital,0,JubokkuMiniaturePhysical,0,TsuchigumoMiniatureDigital,0,TsuchigumoMiniaturePhysical,0,GashadokuroMiniatureDigital,0,GashadokuroMiniaturePhysical,0,CastleDigital,0,CastlePhysical,0,UltimateCastleWalls,0,UltimateCastleWalls1,0,CastleGateTower,0,CastleGateTower1,0,CastleGateTower2,0,CastleGateTower3,0,LanternsSetDigital,0,LanternsSetPhysical,0,BridgesSetDigital,0,BridgesSetPhysical,0,PondsSetDigital,0,PondsSetPhysical,0,SmallToriiPhysical,0,LargeToriiPhysical,0,ZenGardenDigital,0,ZenGardenPhysical,0,TemplePagodaDigital,0,TemplePagodaPhysical,0,TeahouseDigital,0,TeahousePhysical,0,SumoRingDigital,0,SumoRingPhysical,0,ShrineSetDigital,0,ShrineSetPhysical,0,UltimateStoneWalls,0,UltimateStoneWalls1,0,UltimateWoodenWalls,0,UltimateWoodenWalls1,0,FarmhouseVariation1,0,FarmhouseSetDigital,0,ToriiSetDigital,0,FarmhouseVariation2,0,RuinedHutDigital,0,RuinedHutPhysical,0,FarmyardSetDigital,0,FarmyardSetPhysical,0,MarketStallsSet,0,MarketStallsSet1,0,Krokodil2001@gmx.de,Kroko,European Union,"Not applicable to my pledge (Book, Boxset, Bonus Support)",$0.00,
62,1972429054,Stefan Bridges,stefanbridges114@gmail.com,US,$0.00,Path of Ascension - Early Bird Special,$80.00,10834121,$0.00,$80.00,$0.00,$80.00,"2025/10/24, 18:59",false,false,Not provided,collected,,0,0,0,0,0,0,0,0,0,0,0,0,0,0,0,0,0,0,0,0,0,0,0,0,0,0,0,0,0,0,0,0,0,0,0,0,0,0,0,0,0,0,0,0,0,0,0,0,0,0,0,0,0,0,0,0,0,0,0,0,0,0,0,0,0,0,0,0,0,0,0,0,0,0,1,0,1,0,0,0,0,0,0,0,0,0,0,0,0,0,0,0,0,0,0,0,0,0,0,0,0,0,0,0,0,0,0,0,0,0,0,0,0,0,0,0,0,0,0,0,0,0,0,0,0,0,0,0,0,0,0,0,0,0,0,0,0,0,0,0,0,0,0,0,,Stefan Bridges,,,,,,,,,,AccesstoAddons,,ShoshinThePath,,ShoshinThePath1,,StarterClanDigital,,StarterClanPhysical,,YokaiSetDigital,,YokaiSetPhysical,,OniMiniatureDigital,,OniMiniaturePhysical,,KitsuneMiniatureDigital,,KitsuneMiniaturePhysical,,TanukiMiniatureDigital,,TanukiMiniaturePhysical,,TenguMiniatureDigital,,TenguMiniaturePhysical,,KappaMiniatureDigital,,KappaMiniaturePhysical,,YureiMiniatureDigital,,YureiMiniaturePhysical,,ItsumadeMiniatureDigital,,ItsumadeMiniaturePhysical,,AmeOnnaMiniature,,AmeOnnaMiniature1,,NureOnnaMiniature,,NureOnnaMiniature1,,JubokkuMiniatureDigital,,JubokkuMiniaturePhysical,,TsuchigumoMiniatureDigital,,TsuchigumoMiniaturePhysical,,GashadokuroMiniatureDigital,,GashadokuroMiniaturePhysical,,CastleDigital,,CastlePhysical,,UltimateCastleWalls,,UltimateCastleWalls1,,CastleGateTower,,CastleGateTower1,,CastleGateTower2,,CastleGateTower3,,LanternsSetDigital,,LanternsSetPhysical,,BridgesSetDigital,,BridgesSetPhysical,,PondsSetDigital,,PondsSetPhysical,,SmallToriiPhysical,,LargeToriiPhysical,,ZenGardenDigital,,ZenGardenPhysical,,TemplePagodaDigital,,TemplePagodaPhysical,,TeahouseDigital,,TeahousePhysical,,SumoRingDigital,,SumoRingPhysical,,ShrineSetDigital,,ShrineSetPhysical,,UltimateStoneWalls,,UltimateStoneWalls1,,UltimateWoodenWalls,,UltimateWoodenWalls1,,FarmhouseVariation1,,FarmhouseSetDigital,,ToriiSetDigital,,FarmhouseVariation2,,RuinedHutDigital,,RuinedHutPhysical,,FarmyardSetDigital,,FarmyardSetPhysical,,MarketStallsSet,,MarketStallsSet1,,,,,,$0.00,
63,1793256155,Joe,bennettjoe@writeme.com,US,$0.00,Path of Ascension - Early Bird Special,$80.00,10834121,$0.00,$80.00,$0.00,$80.00,"2025/10/24, 19:09",false,false,Not provided,collected,,0,0,0,0,0,0,0,0,0,0,0,0,0,0,0,0,0,0,0,0,0,0,0,0,0,0,0,0,0,0,0,0,0,0,0,0,0,0,0,0,0,0,0,0,0,0,0,0,0,0,0,0,0,0,0,0,0,0,0,0,0,0,0,0,0,0,0,0,0,0,0,0,0,0,1,0,1,0,0,0,0,0,0,0,0,0,0,0,0,0,0,0,0,0,0,0,0,0,0,0,0,0,0,0,0,0,0,0,0,0,0,0,0,0,0,0,0,0,0,0,0,0,0,0,0,0,0,0,0,0,0,0,0,0,0,0,0,0,0,0,0,0,0,0,"2025/12/10, 17:48",Joe Bennett,17603 SW Wapato St,"",Sherwood,OR,97140-8247,United States,US,"",,AccesstoAddons,1,ShoshinThePath,0,ShoshinThePath1,1,StarterClanDigital,0,StarterClanPhysical,0,YokaiSetDigital,0,YokaiSetPhysical,0,OniMiniatureDigital,0,OniMiniaturePhysical,0,KitsuneMiniatureDigital,0,KitsuneMiniaturePhysical,0,TanukiMiniatureDigital,0,TanukiMiniaturePhysical,0,TenguMiniatureDigital,0,TenguMiniaturePhysical,0,KappaMiniatureDigital,0,KappaMiniaturePhysical,0,YureiMiniatureDigital,0,YureiMiniaturePhysical,0,ItsumadeMiniatureDigital,0,ItsumadeMiniaturePhysical,0,AmeOnnaMiniature,0,AmeOnnaMiniature1,0,NureOnnaMiniature,0,NureOnnaMiniature1,0,JubokkuMiniatureDigital,0,JubokkuMiniaturePhysical,0,TsuchigumoMiniatureDigital,0,TsuchigumoMiniaturePhysical,0,GashadokuroMiniatureDigital,0,GashadokuroMiniaturePhysical,0,CastleDigital,0,CastlePhysical,0,UltimateCastleWalls,0,UltimateCastleWalls1,0,CastleGateTower,0,CastleGateTower1,0,CastleGateTower2,0,CastleGateTower3,0,LanternsSetDigital,0,LanternsSetPhysical,0,BridgesSetDigital,0,BridgesSetPhysical,0,PondsSetDigital,0,PondsSetPhysical,0,SmallToriiPhysical,0,LargeToriiPhysical,0,ZenGardenDigital,0,ZenGardenPhysical,0,TemplePagodaDigital,0,TemplePagodaPhysical,0,TeahouseDigital,0,TeahousePhysical,0,SumoRingDigital,0,SumoRingPhysical,0,ShrineSetDigital,0,ShrineSetPhysical,0,UltimateStoneWalls,0,UltimateStoneWalls1,0,UltimateWoodenWalls,0,UltimateWoodenWalls1,0,FarmhouseVariation1,0,FarmhouseSetDigital,0,ToriiSetDigital,0,FarmhouseVariation2,0,RuinedHutDigital,0,RuinedHutPhysical,0,FarmyardSetDigital,0,FarmyardSetPhysical,0,MarketStallsSet,0,MarketStallsSet1,0,Gooniesgm@yaboo.com,Joe,United States,"Not applicable to my pledge (Book, Boxset, Bonus Support)",$0.00,
64,501921560,Felipe Sanchez jr,fsanchez712@gmail.com,US,$0.00,Heaven's Will - Early Bird Digital,$285.00,10834133,$0.00,$285.00,$0.00,$285.00,"2025/10/24, 19:23",false,false,Not provided,collected,,0,1,0,1,1,0,0,0,0,0,1,0,0,0,1,0,0,0,0,0,0,0,0,0,0,0,0,0,0,0,0,0,0,0,0,0,0,0,0,0,0,0,0,0,0,0,0,0,0,0,0,0,0,0,0,0,0,0,0,0,0,0,0,0,0,0,0,0,0,0,0,0,0,0,1,0,1,4,0,1,0,0,1,0,1,1,0,0,0,0,0,1,0,0,0,1,0,0,0,0,0,0,0,0,0,0,0,0,0,0,0,0,0,0,0,0,0,0,0,0,0,0,0,0,0,0,0,0,0,0,0,0,0,0,0,0,0,0,0,0,0,0,0,0,"2025/12/12, 03:54",Felipe Sanchez Jr,875 Morrison Ave Apt 11F,,Bronx,NY,10473-4404,United States,US,+16463519879,,AccesstoAddons,1,ShoshinThePath,0,ShoshinThePath1,1,StarterClanDigital,4,StarterClanPhysical,0,YokaiSetDigital,1,YokaiSetPhysical,0,OniMiniatureDigital,1,OniMiniaturePhysical,0,KitsuneMiniatureDigital,1,KitsuneMiniaturePhysical,0,TanukiMiniatureDigital,0,TanukiMiniaturePhysical,0,TenguMiniatureDigital,1,TenguMiniaturePhysical,0,KappaMiniatureDigital,1,KappaMiniaturePhysical,0,YureiMiniatureDigital,1,YureiMiniaturePhysical,0,ItsumadeMiniatureDigital,0,ItsumadeMiniaturePhysical,0,AmeOnnaMiniature,0,AmeOnnaMiniature1,0,NureOnnaMiniature,0,NureOnnaMiniature1,0,JubokkuMiniatureDigital,0,JubokkuMiniaturePhysical,0,TsuchigumoMiniatureDigital,0,TsuchigumoMiniaturePhysical,0,GashadokuroMiniatureDigital,0,GashadokuroMiniaturePhysical,0,CastleDigital,0,CastlePhysical,0,UltimateCastleWalls,0,UltimateCastleWalls1,0,CastleGateTower,0,CastleGateTower1,0,CastleGateTower2,0,CastleGateTower3,0,LanternsSetDigital,0,LanternsSetPhysical,0,BridgesSetDigital,0,BridgesSetPhysical,0,PondsSetDigital,0,PondsSetPhysical,0,SmallToriiPhysical,0,LargeToriiPhysical,0,ZenGardenDigital,0,ZenGardenPhysical,0,TemplePagodaDigital,0,TemplePagodaPhysical,0,TeahouseDigital,0,TeahousePhysical,0,SumoRingDigital,0,SumoRingPhysical,0,ShrineSetDigital,0,ShrineSetPhysical,0,UltimateStoneWalls,0,UltimateStoneWalls1,0,UltimateWoodenWalls,0,UltimateWoodenWalls1,0,FarmhouseVariation1,0,FarmhouseSetDigital,0,ToriiSetDigital,0,FarmhouseVariation2,0,RuinedHutDigital,0,RuinedHutPhysical,0,FarmyardSetDigital,0,FarmyardSetPhysical,0,MarketStallsSet,0,MarketStallsSet1,0,,,United States,Digital STL files only,$0.00,
65,868243990,Vaughan Monnes,vmonnes@comcast.net,N/A,$0.00,Petal on the Wind,$5.00,10532059,$0.00,$5.00,$0.00,$5.00,"2025/10/24, 19:24",false,false,Not provided,collected,,0,0,0,0,0,0,0,0,0,0,0,0,0,0,0,0,0,0,0,0,0,0,0,0,0,0,0,0,0,0,0,0,0,0,0,0,0,0,0,0,0,0,0,0,0,0,0,0,0,0,0,0,0,0,0,0,0,0,0,0,0,0,0,0,0,0,0,0,0,0,0,0,0,0,1,0,0,0,0,0,0,0,0,0,0,0,0,0,0,0,0,0,0,0,0,0,0,0,0,0,0,0,0,0,0,0,0,0,0,0,0,0,0,0,0,0,0,0,0,0,0,0,0,0,0,0,0,0,0,0,0,0,0,0,0,0,0,0,0,0,0,0,0,0,"2025/12/19, 02:00",Vaughan Monnes,21 Saucito Ave,"",Monterey,CA,93940-5535,United States,US,831-224-5915,,AccesstoAddons,1,ShoshinThePath,0,ShoshinThePath1,0,StarterClanDigital,0,StarterClanPhysical,0,YokaiSetDigital,0,YokaiSetPhysical,0,OniMiniatureDigital,0,OniMiniaturePhysical,0,KitsuneMiniatureDigital,0,KitsuneMiniaturePhysical,0,TanukiMiniatureDigital,0,TanukiMiniaturePhysical,0,TenguMiniatureDigital,0,TenguMiniaturePhysical,0,KappaMiniatureDigital,0,KappaMiniaturePhysical,0,YureiMiniatureDigital,0,YureiMiniaturePhysical,0,ItsumadeMiniatureDigital,0,ItsumadeMiniaturePhysical,0,AmeOnnaMiniature,0,AmeOnnaMiniature1,0,NureOnnaMiniature,0,NureOnnaMiniature1,0,JubokkuMiniatureDigital,0,JubokkuMiniaturePhysical,0,TsuchigumoMiniatureDigital,0,TsuchigumoMiniaturePhysical,0,GashadokuroMiniatureDigital,0,GashadokuroMiniaturePhysical,0,CastleDigital,0,CastlePhysical,0,UltimateCastleWalls,0,UltimateCastleWalls1,0,CastleGateTower,0,CastleGateTower1,0,CastleGateTower2,0,CastleGateTower3,0,LanternsSetDigital,0,LanternsSetPhysical,0,BridgesSetDigital,0,BridgesSetPhysical,0,PondsSetDigital,0,PondsSetPhysical,0,SmallToriiPhysical,0,LargeToriiPhysical,0,ZenGardenDigital,0,ZenGardenPhysical,0,TemplePagodaDigital,0,TemplePagodaPhysical,0,TeahouseDigital,0,TeahousePhysical,0,SumoRingDigital,0,SumoRingPhysical,0,ShrineSetDigital,0,ShrineSetPhysical,0,UltimateStoneWalls,0,UltimateStoneWalls1,0,UltimateWoodenWalls,0,UltimateWoodenWalls1,0,FarmhouseVariation1,0,FarmhouseSetDigital,0,ToriiSetDigital,0,FarmhouseVariation2,0,RuinedHutDigital,0,RuinedHutPhysical,0,FarmyardSetDigital,0,FarmyardSetPhysical,0,MarketStallsSet,0,MarketStallsSet1,0,kiriage@gmail.com,Vaughan Monnes,,Digital STL files only,$0.00,
66,372927180,Shane T. Bennett,sergius89@hotmail.com,US,$0.00,Spiritual Awakening - Early Bird Digital,$186.00,10834130,$0.00,$186.00,$0.00,$186.00,"2025/10/24, 19:44",false,false,Not provided,collected,,0,0,0,0,0,0,0,0,0,0,0,0,0,0,0,0,0,0,0,0,0,0,0,0,0,0,0,0,0,0,0,0,0,0,0,0,0,0,0,0,0,0,0,0,0,0,0,0,0,0,0,0,0,0,0,0,0,0,0,0,0,0,0,0,0,0,0,0,0,0,0,0,0,0,1,0,1,1,0,1,0,0,0,0,0,0,0,0,0,0,0,0,0,0,0,0,0,0,0,0,0,0,0,0,0,0,0,0,0,0,0,0,0,0,0,0,0,0,0,0,0,0,0,0,0,0,0,0,0,0,0,0,0,0,0,0,0,0,0,0,0,0,0,0,"2025/12/10, 23:38",Shane Bennett,16580 Spillers Way,"",Baton Rouge,LA,70817-1742,United States,US,2252239270,,AccesstoAddons,1,ShoshinThePath,0,ShoshinThePath1,1,StarterClanDigital,1,StarterClanPhysical,0,YokaiSetDigital,1,YokaiSetPhysical,0,OniMiniatureDigital,0,OniMiniaturePhysical,0,KitsuneMiniatureDigital,0,KitsuneMiniaturePhysical,0,TanukiMiniatureDigital,0,TanukiMiniaturePhysical,0,TenguMiniatureDigital,0,TenguMiniaturePhysical,0,KappaMiniatureDigital,0,KappaMiniaturePhysical,0,YureiMiniatureDigital,0,YureiMiniaturePhysical,0,ItsumadeMiniatureDigital,0,ItsumadeMiniaturePhysical,0,AmeOnnaMiniature,0,AmeOnnaMiniature1,0,NureOnnaMiniature,0,NureOnnaMiniature1,0,JubokkuMiniatureDigital,0,JubokkuMiniaturePhysical,0,TsuchigumoMiniatureDigital,0,TsuchigumoMiniaturePhysical,0,GashadokuroMiniatureDigital,0,GashadokuroMiniaturePhysical,0,CastleDigital,0,CastlePhysical,0,UltimateCastleWalls,0,UltimateCastleWalls1,0,CastleGateTower,0,CastleGateTower1,0,CastleGateTower2,0,CastleGateTower3,0,LanternsSetDigital,0,LanternsSetPhysical,0,BridgesSetDigital,0,BridgesSetPhysical,0,PondsSetDigital,0,PondsSetPhysical,0,SmallToriiPhysical,0,LargeToriiPhysical,0,ZenGardenDigital,0,ZenGardenPhysical,0,TemplePagodaDigital,0,TemplePagodaPhysical,0,TeahouseDigital,0,TeahousePhysical,0,SumoRingDigital,0,SumoRingPhysical,0,ShrineSetDigital,0,ShrineSetPhysical,0,UltimateStoneWalls,0,UltimateStoneWalls1,0,UltimateWoodenWalls,0,UltimateWoodenWalls1,0,FarmhouseVariation1,0,FarmhouseSetDigital,0,ToriiSetDigital,0,FarmhouseVariation2,0,RuinedHutDigital,0,RuinedHutPhysical,0,FarmyardSetDigital,0,FarmyardSetPhysical,0,MarketStallsSet,0,MarketStallsSet1,0,sergius89@hotmail.com,Sergius89,United States,Physical miniatures only,$0.00,
69,1008218011,Justin Pedersen,jolly1976@msn.com,US,$0.00,Oath of Honor - Physical,$173.00,10831489,$0.00,$173.00,$0.00,$173.00,"2025/10/24, 20:26",false,false,Not provided,collected,,0,0,0,0,0,0,0,0,0,0,0,0,0,0,0,0,0,0,0,0,0,0,0,0,0,0,0,0,0,0,0,0,0,0,0,0,0,0,0,0,0,0,0,0,0,0,0,0,0,0,0,0,0,0,0,0,0,0,0,0,0,0,0,0,0,0,0,0,0,0,0,0,0,0,1,0,1,0,1,0,0,0,0,0,0,0,0,0,0,0,0,0,0,0,0,0,0,0,0,0,0,0,0,0,0,0,0,0,0,0,0,0,0,0,0,0,0,0,0,0,0,0,0,0,0,0,0,0,0,0,0,0,0,0,0,0,0,0,0,0,0,0,0,0,"2025/12/10, 19:46",Justin Pedersen,2822 Colby Ave Ste 300,"",Everett,WA,98201-3659,United States,US,+14253453960,,AccesstoAddons,1,ShoshinThePath,0,ShoshinThePath1,1,StarterClanDigital,0,StarterClanPhysical,1,YokaiSetDigital,0,YokaiSetPhysical,0,OniMiniatureDigital,0,OniMiniaturePhysical,0,KitsuneMiniatureDigital,0,KitsuneMiniaturePhysical,0,TanukiMiniatureDigital,0,TanukiMiniaturePhysical,0,TenguMiniatureDigital,0,TenguMiniaturePhysical,0,KappaMiniatureDigital,0,KappaMiniaturePhysical,0,YureiMiniatureDigital,0,YureiMiniaturePhysical,0,ItsumadeMiniatureDigital,0,ItsumadeMiniaturePhysical,0,AmeOnnaMiniature,0,AmeOnnaMiniature1,0,NureOnnaMiniature,0,NureOnnaMiniature1,0,JubokkuMiniatureDigital,0,JubokkuMiniaturePhysical,0,TsuchigumoMiniatureDigital,0,TsuchigumoMiniaturePhysical,0,GashadokuroMiniatureDigital,0,GashadokuroMiniaturePhysical,0,CastleDigital,0,CastlePhysical,0,UltimateCastleWalls,0,UltimateCastleWalls1,0,CastleGateTower,0,CastleGateTower1,0,CastleGateTower2,0,CastleGateTower3,0,LanternsSetDigital,0,LanternsSetPhysical,0,BridgesSetDigital,0,BridgesSetPhysical,0,PondsSetDigital,0,PondsSetPhysical,0,SmallToriiPhysical,0,LargeToriiPhysical,0,ZenGardenDigital,0,ZenGardenPhysical,0,TemplePagodaDigital,0,TemplePagodaPhysical,0,TeahouseDigital,0,TeahousePhysical,0,SumoRingDigital,0,SumoRingPhysical,0,ShrineSetDigital,0,ShrineSetPhysical,0,UltimateStoneWalls,0,UltimateStoneWalls1,0,UltimateWoodenWalls,0,UltimateWoodenWalls1,0,FarmhouseVariation1,0,FarmhouseSetDigital,0,ToriiSetDigital,0,FarmhouseVariation2,0,RuinedHutDigital,0,RuinedHutPhysical,0,FarmyardSetDigital,0,FarmyardSetPhysical,0,MarketStallsSet,0,MarketStallsSet1,0,jolly1976@msn.com,Justin Pedersen,United States,Both digital and physical,$0.00,
70,1504293793,Jason,jtupeck@tupeck.com,US,$0.00,Heaven's Will - Digital,$300.00,10831505,$0.00,$300.00,$0.00,$300.00,"2025/10/24, 22:01",false,false,Not provided,collected,,1,0,0,0,0,0,0,1,0,0,0,0,0,0,0,0,0,0,0,0,0,0,0,0,0,0,0,0,0,0,0,0,0,0,0,0,0,0,0,0,0,0,0,0,0,0,0,0,0,0,0,0,0,0,0,0,0,0,0,0,0,0,0,0,0,0,0,0,0,0,0,0,0,0,1,0,1,4,0,1,0,1,0,0,0,0,0,0,1,0,0,0,0,0,0,0,0,0,0,0,0,0,0,0,0,0,0,0,0,0,0,0,0,0,0,0,0,0,0,0,0,0,0,0,0,0,0,0,0,0,0,0,0,0,0,0,0,0,0,0,0,0,0,0,"2025/12/10, 17:53",Jason Tupeck,4253 Muggle Ln,"",Missoula,MT,59808-5200,United States,US,4065448179,,AccesstoAddons,1,ShoshinThePath,0,ShoshinThePath1,1,StarterClanDigital,4,StarterClanPhysical,0,YokaiSetDigital,1,YokaiSetPhysical,0,OniMiniatureDigital,0,OniMiniaturePhysical,0,KitsuneMiniatureDigital,0,KitsuneMiniaturePhysical,0,TanukiMiniatureDigital,0,TanukiMiniaturePhysical,0,TenguMiniatureDigital,0,TenguMiniaturePhysical,0,KappaMiniatureDigital,0,KappaMiniaturePhysical,0,YureiMiniatureDigital,0,YureiMiniaturePhysical,0,ItsumadeMiniatureDigital,0,ItsumadeMiniaturePhysical,0,AmeOnnaMiniature,0,AmeOnnaMiniature1,0,NureOnnaMiniature,0,NureOnnaMiniature1,0,JubokkuMiniatureDigital,0,JubokkuMiniaturePhysical,0,TsuchigumoMiniatureDigital,0,TsuchigumoMiniaturePhysical,0,GashadokuroMiniatureDigital,0,GashadokuroMiniaturePhysical,0,CastleDigital,0,CastlePhysical,0,UltimateCastleWalls,0,UltimateCastleWalls1,0,CastleGateTower,0,CastleGateTower1,0,CastleGateTower2,0,CastleGateTower3,0,LanternsSetDigital,1,LanternsSetPhysical,0,BridgesSetDigital,0,BridgesSetPhysical,0,PondsSetDigital,0,PondsSetPhysical,0,SmallToriiPhysical,0,LargeToriiPhysical,0,ZenGardenDigital,0,ZenGardenPhysical,0,TemplePagodaDigital,0,TemplePagodaPhysical,0,TeahouseDigital,0,TeahousePhysical,0,SumoRingDigital,0,SumoRingPhysical,0,ShrineSetDigital,0,ShrineSetPhysical,0,UltimateStoneWalls,0,UltimateStoneWalls1,0,UltimateWoodenWalls,0,UltimateWoodenWalls1,0,FarmhouseVariation1,0,FarmhouseSetDigital,0,ToriiSetDigital,1,FarmhouseVariation2,0,RuinedHutDigital,0,RuinedHutPhysical,0,FarmyardSetDigital,0,FarmyardSetPhysical,0,MarketStallsSet,0,MarketStallsSet1,0,jtupeck@tupeck.com,Jason Tupeck (jtupeck@tupeck.com),United States,Both digital and physical,$0.00,
71,1394007929,Mark A. Mikesell,foxbat13@aol.com,US,$0.00,Path of Ascension,$89.00,10532079,$0.00,$89.00,$0.00,$89.00,"2025/10/25, 06:23",false,false,Not provided,collected,,0,0,0,0,0,0,0,0,0,0,0,0,0,0,0,0,0,0,0,0,0,0,0,0,0,0,0,0,0,0,0,0,0,0,0,0,0,0,0,0,0,0,0,0,0,0,0,0,0,0,0,0,0,0,0,0,0,0,0,0,0,0,0,0,0,0,0,0,0,0,0,0,0,0,1,0,1,0,0,0,0,0,0,0,0,0,0,0,0,0,0,0,0,0,0,0,0,0,0,0,0,0,0,0,0,0,0,0,0,0,0,0,0,0,0,0,0,0,0,0,0,0,0,0,0,0,0,0,0,0,0,0,0,0,0,0,0,0,0,0,0,0,0,0,"2025/12/10, 19:54",Mark A. Mikesell,4046 Elizabeth St,"",Richmond,IN,47374-4578,United States,US,7659694988,,AccesstoAddons,1,ShoshinThePath,0,ShoshinThePath1,1,StarterClanDigital,0,StarterClanPhysical,0,YokaiSetDigital,0,YokaiSetPhysical,0,OniMiniatureDigital,0,OniMiniaturePhysical,0,KitsuneMiniatureDigital,0,KitsuneMiniaturePhysical,0,TanukiMiniatureDigital,0,TanukiMiniaturePhysical,0,TenguMiniatureDigital,0,TenguMiniaturePhysical,0,KappaMiniatureDigital,0,KappaMiniaturePhysical,0,YureiMiniatureDigital,0,YureiMiniaturePhysical,0,ItsumadeMiniatureDigital,0,ItsumadeMiniaturePhysical,0,AmeOnnaMiniature,0,AmeOnnaMiniature1,0,NureOnnaMiniature,0,NureOnnaMiniature1,0,JubokkuMiniatureDigital,0,JubokkuMiniaturePhysical,0,TsuchigumoMiniatureDigital,0,TsuchigumoMiniaturePhysical,0,GashadokuroMiniatureDigital,0,GashadokuroMiniaturePhysical,0,CastleDigital,0,CastlePhysical,0,UltimateCastleWalls,0,UltimateCastleWalls1,0,CastleGateTower,0,CastleGateTower1,0,CastleGateTower2,0,CastleGateTower3,0,LanternsSetDigital,0,LanternsSetPhysical,0,BridgesSetDigital,0,BridgesSetPhysical,0,PondsSetDigital,0,PondsSetPhysical,0,SmallToriiPhysical,0,LargeToriiPhysical,0,ZenGardenDigital,0,ZenGardenPhysical,0,TemplePagodaDigital,0,TemplePagodaPhysical,0,TeahouseDigital,0,TeahousePhysical,0,SumoRingDigital,0,SumoRingPhysical,0,ShrineSetDigital,0,ShrineSetPhysical,0,UltimateStoneWalls,0,UltimateStoneWalls1,0,UltimateWoodenWalls,0,UltimateWoodenWalls1,0,FarmhouseVariation1,0,FarmhouseSetDigital,0,ToriiSetDigital,0,FarmhouseVariation2,0,RuinedHutDigital,0,RuinedHutPhysical,0,FarmyardSetDigital,0,FarmyardSetPhysical,0,MarketStallsSet,0,MarketStallsSet1,0,foxbat13@aol.com,Mark A. Mikesell,United States,Physical miniatures only,$0.00,
72,626779511,sogeru,nefandos@outlook.com,N/A,$0.00,Petal on the Wind,$5.00,10532059,$0.00,$5.00,$0.00,$5.00,"2025/10/25, 08:50",false,false,Not provided,collected,,0,0,0,0,0,0,0,0,0,0,0,0,0,0,0,0,0,0,0,0,0,0,0,0,0,0,0,0,0,0,0,0,0,0,0,0,0,0,0,0,0,0,0,0,0,0,0,0,0,0,0,0,0,0,0,0,0,0,0,0,0,0,0,0,0,0,0,0,0,0,0,0,0,0,1,0,0,0,0,0,0,0,0,0,0,0,0,0,0,0,0,0,0,0,0,0,0,0,0,0,0,0,0,0,0,0,0,0,0,0,0,0,0,0,0,0,0,0,0,0,0,0,0,0,0,0,0,0,0,0,0,0,0,0,0,0,0,0,0,0,0,0,0,0,"2025/12/13, 10:11",David Jarque Palacios,Calle de Pasteur nº 1 2º 2ª,"",Barcelona,Barcelona,08024,Spain,ES,+34615287647,,AccesstoAddons,1,ShoshinThePath,0,ShoshinThePath1,0,StarterClanDigital,0,StarterClanPhysical,0,YokaiSetDigital,0,YokaiSetPhysical,0,OniMiniatureDigital,0,OniMiniaturePhysical,0,KitsuneMiniatureDigital,0,KitsuneMiniaturePhysical,0,TanukiMiniatureDigital,0,TanukiMiniaturePhysical,0,TenguMiniatureDigital,0,TenguMiniaturePhysical,0,KappaMiniatureDigital,0,KappaMiniaturePhysical,0,YureiMiniatureDigital,0,YureiMiniaturePhysical,0,ItsumadeMiniatureDigital,0,ItsumadeMiniaturePhysical,0,AmeOnnaMiniature,0,AmeOnnaMiniature1,0,NureOnnaMiniature,0,NureOnnaMiniature1,0,JubokkuMiniatureDigital,0,JubokkuMiniaturePhysical,0,TsuchigumoMiniatureDigital,0,TsuchigumoMiniaturePhysical,0,GashadokuroMiniatureDigital,0,GashadokuroMiniaturePhysical,0,CastleDigital,0,CastlePhysical,0,UltimateCastleWalls,0,UltimateCastleWalls1,0,CastleGateTower,0,CastleGateTower1,0,CastleGateTower2,0,CastleGateTower3,0,LanternsSetDigital,0,LanternsSetPhysical,0,BridgesSetDigital,0,BridgesSetPhysical,0,PondsSetDigital,0,PondsSetPhysical,0,SmallToriiPhysical,0,LargeToriiPhysical,0,ZenGardenDigital,0,ZenGardenPhysical,0,TemplePagodaDigital,0,TemplePagodaPhysical,0,TeahouseDigital,0,TeahousePhysical,0,SumoRingDigital,0,SumoRingPhysical,0,ShrineSetDigital,0,ShrineSetPhysical,0,UltimateStoneWalls,0,UltimateStoneWalls1,0,UltimateWoodenWalls,0,UltimateWoodenWalls1,0,FarmhouseVariation1,0,FarmhouseSetDigital,0,ToriiSetDigital,0,FarmhouseVariation2,0,RuinedHutDigital,0,RuinedHutPhysical,0,FarmyardSetDigital,0,FarmyardSetPhysical,0,MarketStallsSet,0,MarketStallsSet1,0,nefandos@outlook.com,Sogeru,European Union,Digital STL files only,$0.00,
73,1369729832,Adam Saris,addaroc@hotmail.com,US,$0.00,Beginner's Mind,$54.00,10532073,$0.00,$54.00,$0.00,$54.00,"2025/10/25, 17:25",false,false,Not provided,collected,,0,0,0,0,0,0,0,0,0,0,0,0,0,0,0,0,0,0,0,0,0,0,0,0,0,0,0,0,0,0,0,0,0,0,0,0,0,0,0,0,0,0,0,0,0,0,0,0,0,0,0,0,0,0,0,0,0,0,0,0,0,0,0,0,0,0,0,0,0,0,0,0,0,0,1,1,0,0,0,0,0,0,0,0,0,0,0,0,0,0,0,0,0,0,0,0,0,0,0,0,0,0,0,0,0,0,0,0,0,0,0,0,0,0,0,0,0,0,0,0,0,0,0,0,0,0,0,0,0,0,0,0,0,0,0,0,0,0,0,0,0,0,0,0,,Adam Saris,,,,,,,,,,AccesstoAddons,,ShoshinThePath,,ShoshinThePath1,,StarterClanDigital,,StarterClanPhysical,,YokaiSetDigital,,YokaiSetPhysical,,OniMiniatureDigital,,OniMiniaturePhysical,,KitsuneMiniatureDigital,,KitsuneMiniaturePhysical,,TanukiMiniatureDigital,,TanukiMiniaturePhysical,,TenguMiniatureDigital,,TenguMiniaturePhysical,,KappaMiniatureDigital,,KappaMiniaturePhysical,,YureiMiniatureDigital,,YureiMiniaturePhysical,,ItsumadeMiniatureDigital,,ItsumadeMiniaturePhysical,,AmeOnnaMiniature,,AmeOnnaMiniature1,,NureOnnaMiniature,,NureOnnaMiniature1,,JubokkuMiniatureDigital,,JubokkuMiniaturePhysical,,TsuchigumoMiniatureDigital,,TsuchigumoMiniaturePhysical,,GashadokuroMiniatureDigital,,GashadokuroMiniaturePhysical,,CastleDigital,,CastlePhysical,,UltimateCastleWalls,,UltimateCastleWalls1,,CastleGateTower,,CastleGateTower1,,CastleGateTower2,,CastleGateTower3,,LanternsSetDigital,,LanternsSetPhysical,,BridgesSetDigital,,BridgesSetPhysical,,PondsSetDigital,,PondsSetPhysical,,SmallToriiPhysical,,LargeToriiPhysical,,ZenGardenDigital,,ZenGardenPhysical,,TemplePagodaDigital,,TemplePagodaPhysical,,TeahouseDigital,,TeahousePhysical,,SumoRingDigital,,SumoRingPhysical,,ShrineSetDigital,,ShrineSetPhysical,,UltimateStoneWalls,,UltimateStoneWalls1,,UltimateWoodenWalls,,UltimateWoodenWalls1,,FarmhouseVariation1,,FarmhouseSetDigital,,ToriiSetDigital,,FarmhouseVariation2,,RuinedHutDigital,,RuinedHutPhysical,,FarmyardSetDigital,,FarmyardSetPhysical,,MarketStallsSet,,MarketStallsSet1,,,,,,$0.00,
74,965940509,Brian Bezenek,bribezenek@me.com,US,$0.00,Heaven's Will - Physical,"$1,013.00",10831509,$0.00,"$1,013.00",$0.00,"$1,013.00","2025/10/25, 19:34",false,false,Not provided,collected,,1,0,0,0,0,0,0,1,1,1,0,1,1,1,0,1,1,1,1,1,1,0,0,0,0,1,1,0,0,1,0,1,0,0,0,1,0,0,0,0,1,1,1,1,0,0,0,0,0,0,0,0,0,1,0,0,0,0,0,0,0,0,0,1,0,0,0,0,0,0,0,0,0,0,1,0,1,4,4,1,1,1,0,0,0,0,0,0,1,1,1,0,1,1,1,0,1,1,1,1,1,1,0,0,0,0,1,1,0,0,1,0,1,0,0,0,1,0,0,0,0,0,0,0,0,0,0,0,0,0,1,0,0,0,0,0,0,0,0,0,0,0,0,0,"2025/12/11, 17:40",Brian Bezenek,8212 Birch Ln,"",Juneau,AK,99801-8910,United States,US,+19077237526,,AccesstoAddons,1,ShoshinThePath,0,ShoshinThePath1,1,StarterClanDigital,4,StarterClanPhysical,4,YokaiSetDigital,1,YokaiSetPhysical,1,OniMiniatureDigital,0,OniMiniaturePhysical,0,KitsuneMiniatureDigital,0,KitsuneMiniaturePhysical,0,TanukiMiniatureDigital,0,TanukiMiniaturePhysical,0,TenguMiniatureDigital,0,TenguMiniaturePhysical,0,KappaMiniatureDigital,0,KappaMiniaturePhysical,0,YureiMiniatureDigital,0,YureiMiniaturePhysical,0,ItsumadeMiniatureDigital,0,ItsumadeMiniaturePhysical,0,AmeOnnaMiniature,0,AmeOnnaMiniature1,0,NureOnnaMiniature,0,NureOnnaMiniature1,0,JubokkuMiniatureDigital,0,JubokkuMiniaturePhysical,0,TsuchigumoMiniatureDigital,0,TsuchigumoMiniaturePhysical,0,GashadokuroMiniatureDigital,0,GashadokuroMiniaturePhysical,0,CastleDigital,1,CastlePhysical,0,UltimateCastleWalls,1,UltimateCastleWalls1,0,CastleGateTower,1,CastleGateTower1,0,CastleGateTower2,1,CastleGateTower3,0,LanternsSetDigital,1,LanternsSetPhysical,0,BridgesSetDigital,1,BridgesSetPhysical,0,PondsSetDigital,1,PondsSetPhysical,0,SmallToriiPhysical,0,LargeToriiPhysical,0,ZenGardenDigital,1,ZenGardenPhysical,0,TemplePagodaDigital,1,TemplePagodaPhysical,0,TeahouseDigital,1,TeahousePhysical,0,SumoRingDigital,1,SumoRingPhysical,0,ShrineSetDigital,1,ShrineSetPhysical,0,UltimateStoneWalls,1,UltimateStoneWalls1,0,UltimateWoodenWalls,1,UltimateWoodenWalls1,0,FarmhouseVariation1,0,FarmhouseSetDigital,1,ToriiSetDigital,1,FarmhouseVariation2,0,RuinedHutDigital,1,RuinedHutPhysical,0,FarmyardSetDigital,1,FarmyardSetPhysical,0,MarketStallsSet,1,MarketStallsSet1,0,bribezenek@me.com,Brian Bezenek,United States,Both digital and physical,$0.00,
75,1379008406,Keith Albion Borgholthaus,alfred909@gmail.com,N/A,$0.00,Petal on the Wind,$5.00,10532059,$0.00,$5.00,$0.00,$5.00,"2025/10/25, 20:21",false,false,Not provided,collected,,0,0,0,0,0,0,0,0,0,0,0,0,0,0,0,0,0,0,0,0,0,0,0,0,0,0,0,0,0,0,0,0,0,0,0,0,0,0,0,0,0,0,0,0,0,0,0,0,0,0,0,0,0,0,0,0,0,0,0,0,0,0,0,0,0,0,0,0,0,0,0,0,0,0,1,0,0,0,0,0,0,0,0,0,0,0,0,0,0,0,0,0,0,0,0,0,0,0,0,0,0,0,0,0,0,0,0,0,0,0,0,0,0,0,0,0,0,0,0,0,0,0,0,0,0,0,0,0,0,0,0,0,0,0,0,0,0,0,0,0,0,0,0,0,"2025/12/10, 21:00",Keith Borgholthaus,18841 Lansing St,"",Orlando,FL,32833-3426,United States,US,"",,AccesstoAddons,1,ShoshinThePath,0,ShoshinThePath1,0,StarterClanDigital,0,StarterClanPhysical,0,YokaiSetDigital,0,YokaiSetPhysical,0,OniMiniatureDigital,0,OniMiniaturePhysical,0,KitsuneMiniatureDigital,0,KitsuneMiniaturePhysical,0,TanukiMiniatureDigital,0,TanukiMiniaturePhysical,0,TenguMiniatureDigital,0,TenguMiniaturePhysical,0,KappaMiniatureDigital,0,KappaMiniaturePhysical,0,YureiMiniatureDigital,0,YureiMiniaturePhysical,0,ItsumadeMiniatureDigital,0,ItsumadeMiniaturePhysical,0,AmeOnnaMiniature,0,AmeOnnaMiniature1,0,NureOnnaMiniature,0,NureOnnaMiniature1,0,JubokkuMiniatureDigital,0,JubokkuMiniaturePhysical,0,TsuchigumoMiniatureDigital,0,TsuchigumoMiniaturePhysical,0,GashadokuroMiniatureDigital,0,GashadokuroMiniaturePhysical,0,CastleDigital,0,CastlePhysical,0,UltimateCastleWalls,0,UltimateCastleWalls1,0,CastleGateTower,0,CastleGateTower1,0,CastleGateTower2,0,CastleGateTower3,0,LanternsSetDigital,0,LanternsSetPhysical,0,BridgesSetDigital,0,BridgesSetPhysical,0,PondsSetDigital,0,PondsSetPhysical,0,SmallToriiPhysical,0,LargeToriiPhysical,0,ZenGardenDigital,0,ZenGardenPhysical,0,TemplePagodaDigital,0,TemplePagodaPhysical,0,TeahouseDigital,0,TeahousePhysical,0,SumoRingDigital,0,SumoRingPhysical,0,ShrineSetDigital,0,ShrineSetPhysical,0,UltimateStoneWalls,0,UltimateStoneWalls1,0,UltimateWoodenWalls,0,UltimateWoodenWalls1,0,FarmhouseVariation1,0,FarmhouseSetDigital,0,ToriiSetDigital,0,FarmhouseVariation2,0,RuinedHutDigital,0,RuinedHutPhysical,0,FarmyardSetDigital,0,FarmyardSetPhysical,0,MarketStallsSet,0,MarketStallsSet1,0,Alfred909@gmail.com,,United States,Digital STL files only,$0.00,
76,833252451,Frank Castillo,cisco51779@gmail.com,N/A,$0.00,Petal on the Wind,$5.00,10532059,$0.00,$5.00,$0.00,$5.00,"2025/10/26, 02:37",false,false,Not provided,collected,,0,0,0,0,0,0,0,0,0,0,0,0,0,0,0,0,0,0,0,0,0,0,0,0,0,0,0,0,0,0,0,0,0,0,0,0,0,0,0,0,0,0,0,0,0,0,0,0,0,0,0,0,0,0,0,0,0,0,0,0,0,0,0,0,0,0,0,0,0,0,0,0,0,0,1,0,0,0,0,0,0,0,0,0,0,0,0,0,0,0,0,0,0,0,0,0,0,0,0,0,0,0,0,0,0,0,0,0,0,0,0,0,0,0,0,0,0,0,0,0,0,0,0,0,0,0,0,0,0,0,0,0,0,0,0,0,0,0,0,0,0,0,0,0,,Frank Castillo,,,,,,,,,,AccesstoAddons,,ShoshinThePath,,ShoshinThePath1,,StarterClanDigital,,StarterClanPhysical,,YokaiSetDigital,,YokaiSetPhysical,,OniMiniatureDigital,,OniMiniaturePhysical,,KitsuneMiniatureDigital,,KitsuneMiniaturePhysical,,TanukiMiniatureDigital,,TanukiMiniaturePhysical,,TenguMiniatureDigital,,TenguMiniaturePhysical,,KappaMiniatureDigital,,KappaMiniaturePhysical,,YureiMiniatureDigital,,YureiMiniaturePhysical,,ItsumadeMiniatureDigital,,ItsumadeMiniaturePhysical,,AmeOnnaMiniature,,AmeOnnaMiniature1,,NureOnnaMiniature,,NureOnnaMiniature1,,JubokkuMiniatureDigital,,JubokkuMiniaturePhysical,,TsuchigumoMiniatureDigital,,TsuchigumoMiniaturePhysical,,GashadokuroMiniatureDigital,,GashadokuroMiniaturePhysical,,CastleDigital,,CastlePhysical,,UltimateCastleWalls,,UltimateCastleWalls1,,CastleGateTower,,CastleGateTower1,,CastleGateTower2,,CastleGateTower3,,LanternsSetDigital,,LanternsSetPhysical,,BridgesSetDigital,,BridgesSetPhysical,,PondsSetDigital,,PondsSetPhysical,,SmallToriiPhysical,,LargeToriiPhysical,,ZenGardenDigital,,ZenGardenPhysical,,TemplePagodaDigital,,TemplePagodaPhysical,,TeahouseDigital,,TeahousePhysical,,SumoRingDigital,,SumoRingPhysical,,ShrineSetDigital,,ShrineSetPhysical,,UltimateStoneWalls,,UltimateStoneWalls1,,UltimateWoodenWalls,,UltimateWoodenWalls1,,FarmhouseVariation1,,FarmhouseSetDigital,,ToriiSetDigital,,FarmhouseVariation2,,RuinedHutDigital,,RuinedHutPhysical,,FarmyardSetDigital,,FarmyardSetPhysical,,MarketStallsSet,,MarketStallsSet1,,,,,,$0.00,
78,1680271351,Joshua Jacobs,joshuajacobs123@yahoo.com,US,$0.00,Heaven's Will - Digital,$476.00,10831505,$0.00,$476.00,$158.68,$317.32,"2025/10/26, 08:09",false,true,Not provided,pledged,,0,0,0,0,0,0,0,1,1,1,0,1,1,1,0,1,1,1,1,1,1,0,0,0,0,1,1,0,0,1,0,1,0,0,0,1,0,0,0,0,0,0,0,0,0,0,0,0,0,0,0,0,0,1,0,0,0,0,0,0,0,0,0,0,0,0,0,0,0,0,0,0,0,0,1,0,1,4,0,1,0,0,0,0,0,0,0,0,1,1,1,0,1,1,1,0,1,1,1,1,1,1,0,0,0,0,1,1,0,0,1,0,1,0,0,0,1,0,0,0,0,0,0,0,0,0,0,0,0,0,1,0,0,0,0,0,0,0,0,0,0,0,0,0,"2025/12/11, 00:16",Joshua Jacobs,1242 Fordham Ave,"",San Leandro,CA,94579-1128,United States,US,+15104565477,,AccesstoAddons,1,ShoshinThePath,0,ShoshinThePath1,1,StarterClanDigital,4,StarterClanPhysical,0,YokaiSetDigital,1,YokaiSetPhysical,0,OniMiniatureDigital,0,OniMiniaturePhysical,0,KitsuneMiniatureDigital,0,KitsuneMiniaturePhysical,0,TanukiMiniatureDigital,0,TanukiMiniaturePhysical,0,TenguMiniatureDigital,0,TenguMiniaturePhysical,0,KappaMiniatureDigital,0,KappaMiniaturePhysical,0,YureiMiniatureDigital,0,YureiMiniaturePhysical,0,ItsumadeMiniatureDigital,0,ItsumadeMiniaturePhysical,0,AmeOnnaMiniature,0,AmeOnnaMiniature1,0,NureOnnaMiniature,0,NureOnnaMiniature1,0,JubokkuMiniatureDigital,0,JubokkuMiniaturePhysical,0,TsuchigumoMiniatureDigital,0,TsuchigumoMiniaturePhysical,0,GashadokuroMiniatureDigital,0,GashadokuroMiniaturePhysical,0,CastleDigital,1,CastlePhysical,0,UltimateCastleWalls,1,UltimateCastleWalls1,0,CastleGateTower,1,CastleGateTower1,0,CastleGateTower2,1,CastleGateTower3,0,LanternsSetDigital,0,LanternsSetPhysical,0,BridgesSetDigital,1,BridgesSetPhysical,0,PondsSetDigital,1,PondsSetPhysical,0,SmallToriiPhysical,0,LargeToriiPhysical,0,ZenGardenDigital,1,ZenGardenPhysical,0,TemplePagodaDigital,1,TemplePagodaPhysical,0,TeahouseDigital,1,TeahousePhysical,0,SumoRingDigital,1,SumoRingPhysical,0,ShrineSetDigital,1,ShrineSetPhysical,0,UltimateStoneWalls,1,UltimateStoneWalls1,0,UltimateWoodenWalls,1,UltimateWoodenWalls1,0,FarmhouseVariation1,0,FarmhouseSetDigital,1,ToriiSetDigital,1,FarmhouseVariation2,0,RuinedHutDigital,1,RuinedHutPhysical,0,FarmyardSetDigital,1,FarmyardSetPhysical,0,MarketStallsSet,1,MarketStallsSet1,0,Joshuajacobs123@yahoo.com,Joshua Jacobs,United States,Digital STL files only,,
79,1782098291,Mark A. Bishop,fyreghost@yahoo.com,US,$0.00,Path of Ascension,$89.00,10532079,$0.00,$89.00,$0.00,$89.00,"2025/10/26, 20:26",false,false,Not provided,collected,,0,0,0,0,0,0,0,0,0,0,0,0,0,0,0,0,0,0,0,0,0,0,0,0,0,0,0,0,0,0,0,0,0,0,0,0,0,0,0,0,0,0,0,0,0,0,0,0,0,0,0,0,0,0,0,0,0,0,0,0,0,0,0,0,0,0,0,0,0,0,0,0,0,0,1,0,1,0,0,0,0,0,0,0,0,0,0,0,0,0,0,0,0,0,0,0,0,0,0,0,0,0,0,0,0,0,0,0,0,0,0,0,0,0,0,0,0,0,0,0,0,0,0,0,0,0,0,0,0,0,0,0,0,0,0,0,0,0,0,0,0,0,0,0,"2025/12/10, 18:46",Mark Bishop,6307 St Joe Rd,"",Ft Wayne,IN,36835,United States,US,"",,AccesstoAddons,1,ShoshinThePath,0,ShoshinThePath1,1,StarterClanDigital,0,StarterClanPhysical,0,YokaiSetDigital,0,YokaiSetPhysical,0,OniMiniatureDigital,0,OniMiniaturePhysical,0,KitsuneMiniatureDigital,0,KitsuneMiniaturePhysical,0,TanukiMiniatureDigital,0,TanukiMiniaturePhysical,0,TenguMiniatureDigital,0,TenguMiniaturePhysical,0,KappaMiniatureDigital,0,KappaMiniaturePhysical,0,YureiMiniatureDigital,0,YureiMiniaturePhysical,0,ItsumadeMiniatureDigital,0,ItsumadeMiniaturePhysical,0,AmeOnnaMiniature,0,AmeOnnaMiniature1,0,NureOnnaMiniature,0,NureOnnaMiniature1,0,JubokkuMiniatureDigital,0,JubokkuMiniaturePhysical,0,TsuchigumoMiniatureDigital,0,TsuchigumoMiniaturePhysical,0,GashadokuroMiniatureDigital,0,GashadokuroMiniaturePhysical,0,CastleDigital,0,CastlePhysical,0,UltimateCastleWalls,0,UltimateCastleWalls1,0,CastleGateTower,0,CastleGateTower1,0,CastleGateTower2,0,CastleGateTower3,0,LanternsSetDigital,0,LanternsSetPhysical,0,BridgesSetDigital,0,BridgesSetPhysical,0,PondsSetDigital,0,PondsSetPhysical,0,SmallToriiPhysical,0,LargeToriiPhysical,0,ZenGardenDigital,0,ZenGardenPhysical,0,TemplePagodaDigital,0,TemplePagodaPhysical,0,TeahouseDigital,0,TeahousePhysical,0,SumoRingDigital,0,SumoRingPhysical,0,ShrineSetDigital,0,ShrineSetPhysical,0,UltimateStoneWalls,0,UltimateStoneWalls1,0,UltimateWoodenWalls,0,UltimateWoodenWalls1,0,FarmhouseVariation1,0,FarmhouseSetDigital,0,ToriiSetDigital,0,FarmhouseVariation2,0,RuinedHutDigital,0,RuinedHutPhysical,0,FarmyardSetDigital,0,FarmyardSetPhysical,0,MarketStallsSet,0,MarketStallsSet1,0,fyreghost@yahoo.com,Mark A. Bishop,United States,Digital STL files only,$0.00,
81,63912771,Ty Micone,miconety3504@gmail.com,US,$0.00,Heaven's Will - Digital,$294.00,10831505,$0.00,$294.00,$98.00,$196.00,"2025/10/27, 12:19",false,true,Not provided,pledged,,0,0,0,0,0,0,0,0,0,0,0,0,0,0,0,0,0,0,0,0,0,0,0,0,0,0,0,0,0,0,0,0,0,0,0,0,0,0,0,0,0,0,0,0,0,0,0,0,0,0,0,0,0,0,0,0,0,0,0,0,0,0,0,0,0,0,0,0,0,0,0,0,0,0,1,0,1,4,0,1,0,0,0,0,0,0,0,0,0,0,0,0,0,0,0,0,0,0,0,0,0,0,0,0,0,0,0,0,0,0,0,0,0,0,0,0,0,0,0,0,0,0,0,0,0,0,0,0,0,0,0,0,0,0,0,0,0,0,0,0,0,0,0,0,"2025/12/10, 21:17",Ty Micone,6180 NE Bear Creek Dewatto Rd,,Belfair,WA,98528-8780,United States,US,+13602714844,,AccesstoAddons,1,ShoshinThePath,0,ShoshinThePath1,1,StarterClanDigital,4,StarterClanPhysical,0,YokaiSetDigital,1,YokaiSetPhysical,0,OniMiniatureDigital,0,OniMiniaturePhysical,0,KitsuneMiniatureDigital,0,KitsuneMiniaturePhysical,0,TanukiMiniatureDigital,0,TanukiMiniaturePhysical,0,TenguMiniatureDigital,0,TenguMiniaturePhysical,0,KappaMiniatureDigital,0,KappaMiniaturePhysical,0,YureiMiniatureDigital,0,YureiMiniaturePhysical,0,ItsumadeMiniatureDigital,0,ItsumadeMiniaturePhysical,0,AmeOnnaMiniature,0,AmeOnnaMiniature1,0,NureOnnaMiniature,0,NureOnnaMiniature1,0,JubokkuMiniatureDigital,0,JubokkuMiniaturePhysical,0,TsuchigumoMiniatureDigital,0,TsuchigumoMiniaturePhysical,0,GashadokuroMiniatureDigital,0,GashadokuroMiniaturePhysical,0,CastleDigital,0,CastlePhysical,0,UltimateCastleWalls,0,UltimateCastleWalls1,0,CastleGateTower,0,CastleGateTower1,0,CastleGateTower2,0,CastleGateTower3,0,LanternsSetDigital,0,LanternsSetPhysical,0,BridgesSetDigital,0,BridgesSetPhysical,0,PondsSetDigital,0,PondsSetPhysical,0,SmallToriiPhysical,0,LargeToriiPhysical,0,ZenGardenDigital,0,ZenGardenPhysical,0,TemplePagodaDigital,0,TemplePagodaPhysical,0,TeahouseDigital,0,TeahousePhysical,0,SumoRingDigital,0,SumoRingPhysical,0,ShrineSetDigital,0,ShrineSetPhysical,0,UltimateStoneWalls,0,UltimateStoneWalls1,0,UltimateWoodenWalls,0,UltimateWoodenWalls1,0,FarmhouseVariation1,0,FarmhouseSetDigital,0,ToriiSetDigital,0,FarmhouseVariation2,0,RuinedHutDigital,0,RuinedHutPhysical,0,FarmyardSetDigital,0,FarmyardSetPhysical,0,MarketStallsSet,0,MarketStallsSet1,0,Miconety3504@gmail.com,Ty Micone,United States,Both digital and physical,,
82,460945658,Richard Goulart,mithrandir_1964@yahoo.com,US,$0.00,Heaven's Will - Digital,$562.00,10831505,$0.00,$562.00,$187.34,$374.66,"2025/10/28, 22:03",false,true,Not provided,pledged,,1,1,1,1,1,1,1,1,1,1,1,1,1,1,1,1,1,1,1,1,1,0,0,1,1,1,1,0,1,1,0,1,0,0,0,1,0,0,0,1,0,0,0,0,0,0,0,0,0,0,0,0,0,1,0,0,0,0,0,0,0,0,0,0,0,0,0,0,0,0,0,0,0,0,1,0,1,4,0,1,0,1,1,1,1,1,1,1,1,1,1,1,1,1,1,1,1,1,1,1,1,1,0,0,1,1,1,1,0,1,1,0,1,0,0,0,1,0,0,0,1,0,0,0,0,0,0,0,0,0,1,0,0,0,0,0,0,0,0,0,0,0,0,0,"2025/12/15, 02:17",Richard Goulart,134 S Meadow Rd,"",Carver,MA,02330-1421,United States,US,5083457216,,AccesstoAddons,1,ShoshinThePath,0,ShoshinThePath1,1,StarterClanDigital,4,StarterClanPhysical,0,YokaiSetDigital,1,YokaiSetPhysical,0,OniMiniatureDigital,1,OniMiniaturePhysical,0,KitsuneMiniatureDigital,1,KitsuneMiniaturePhysical,0,TanukiMiniatureDigital,1,TanukiMiniaturePhysical,0,TenguMiniatureDigital,1,TenguMiniaturePhysical,0,KappaMiniatureDigital,1,KappaMiniaturePhysical,0,YureiMiniatureDigital,1,YureiMiniaturePhysical,0,ItsumadeMiniatureDigital,1,ItsumadeMiniaturePhysical,0,AmeOnnaMiniature,1,AmeOnnaMiniature1,0,NureOnnaMiniature,1,NureOnnaMiniature1,0,JubokkuMiniatureDigital,1,JubokkuMiniaturePhysical,0,TsuchigumoMiniatureDigital,1,TsuchigumoMiniaturePhysical,0,GashadokuroMiniatureDigital,1,GashadokuroMiniaturePhysical,0,CastleDigital,1,CastlePhysical,0,UltimateCastleWalls,1,UltimateCastleWalls1,0,CastleGateTower,1,CastleGateTower1,0,CastleGateTower2,1,CastleGateTower3,0,LanternsSetDigital,1,LanternsSetPhysical,0,BridgesSetDigital,1,BridgesSetPhysical,0,PondsSetDigital,1,PondsSetPhysical,0,SmallToriiPhysical,0,LargeToriiPhysical,0,ZenGardenDigital,1,ZenGardenPhysical,0,TemplePagodaDigital,1,TemplePagodaPhysical,0,TeahouseDigital,1,TeahousePhysical,0,SumoRingDigital,1,SumoRingPhysical,0,ShrineSetDigital,1,ShrineSetPhysical,0,UltimateStoneWalls,1,UltimateStoneWalls1,0,UltimateWoodenWalls,1,UltimateWoodenWalls1,0,FarmhouseVariation1,0,FarmhouseSetDigital,1,ToriiSetDigital,1,FarmhouseVariation2,0,RuinedHutDigital,1,RuinedHutPhysical,0,FarmyardSetDigital,1,FarmyardSetPhysical,0,MarketStallsSet,1,MarketStallsSet1,0,Mithrandir_1964@yahoo.com,Richard Goulart,United States,Both digital and physical,,
83,732906186,Rudy,nathanrudolph@gmail.com,US,$0.00,Path of Ascension,$89.00,10532079,$0.00,$89.00,$0.00,$89.00,"2025/10/29, 00:42",false,false,Not provided,collected,,0,0,0,0,0,0,0,0,0,0,0,0,0,0,0,0,0,0,0,0,0,0,0,0,0,0,0,0,0,0,0,0,0,0,0,0,0,0,0,0,0,0,0,0,0,0,0,0,0,0,0,0,0,0,0,0,0,0,0,0,0,0,0,0,0,0,0,0,0,0,0,0,0,0,1,0,1,0,0,0,0,0,0,0,0,0,0,0,0,0,0,0,0,0,0,0,0,0,0,0,0,0,0,0,0,0,0,0,0,0,0,0,0,0,0,0,0,0,0,0,0,0,0,0,0,0,0,0,0,0,0,0,0,0,0,0,0,0,0,0,0,0,0,0,,Rudy,,,,,,,,,,AccesstoAddons,,ShoshinThePath,,ShoshinThePath1,,StarterClanDigital,,StarterClanPhysical,,YokaiSetDigital,,YokaiSetPhysical,,OniMiniatureDigital,,OniMiniaturePhysical,,KitsuneMiniatureDigital,,KitsuneMiniaturePhysical,,TanukiMiniatureDigital,,TanukiMiniaturePhysical,,TenguMiniatureDigital,,TenguMiniaturePhysical,,KappaMiniatureDigital,,KappaMiniaturePhysical,,YureiMiniatureDigital,,YureiMiniaturePhysical,,ItsumadeMiniatureDigital,,ItsumadeMiniaturePhysical,,AmeOnnaMiniature,,AmeOnnaMiniature1,,NureOnnaMiniature,,NureOnnaMiniature1,,JubokkuMiniatureDigital,,JubokkuMiniaturePhysical,,TsuchigumoMiniatureDigital,,TsuchigumoMiniaturePhysical,,GashadokuroMiniatureDigital,,GashadokuroMiniaturePhysical,,CastleDigital,,CastlePhysical,,UltimateCastleWalls,,UltimateCastleWalls1,,CastleGateTower,,CastleGateTower1,,CastleGateTower2,,CastleGateTower3,,LanternsSetDigital,,LanternsSetPhysical,,BridgesSetDigital,,BridgesSetPhysical,,PondsSetDigital,,PondsSetPhysical,,SmallToriiPhysical,,LargeToriiPhysical,,ZenGardenDigital,,ZenGardenPhysical,,TemplePagodaDigital,,TemplePagodaPhysical,,TeahouseDigital,,TeahousePhysical,,SumoRingDigital,,SumoRingPhysical,,ShrineSetDigital,,ShrineSetPhysical,,UltimateStoneWalls,,UltimateStoneWalls1,,UltimateWoodenWalls,,UltimateWoodenWalls1,,FarmhouseVariation1,,FarmhouseSetDigital,,ToriiSetDigital,,FarmhouseVariation2,,RuinedHutDigital,,RuinedHutPhysical,,FarmyardSetDigital,,FarmyardSetPhysical,,MarketStallsSet,,MarketStallsSet1,,,,,,$0.00,
84,804139582,Mary Rossiter,mrrossiter@hotmail.com,US,$0.00,Heaven's Will - Digital,$478.00,10831505,$0.00,$478.00,$159.34,$318.66,"2025/10/29, 13:06",false,true,Not provided,pledged,,1,0,0,0,0,0,0,1,1,1,0,1,1,1,0,1,1,1,1,1,1,0,0,0,0,1,1,0,0,1,0,1,0,0,0,1,0,0,0,0,0,0,0,0,0,0,0,0,0,0,0,0,0,1,0,0,0,0,0,0,0,0,0,0,0,0,0,0,0,0,0,0,0,0,1,0,1,4,0,1,0,1,0,0,0,0,0,0,1,1,1,0,1,1,1,0,1,1,1,1,1,1,0,0,0,0,1,1,0,0,1,0,1,0,0,0,1,0,0,0,0,0,0,0,0,0,0,0,0,0,1,0,0,0,0,0,0,0,0,0,0,0,0,0,"2025/12/11, 13:37",Mary Rossiter,1117 Limestone Dr,,Noble,OK,73068-0019,United States,US,+16092546291,,AccesstoAddons,1,ShoshinThePath,0,ShoshinThePath1,1,StarterClanDigital,4,StarterClanPhysical,0,YokaiSetDigital,1,YokaiSetPhysical,0,OniMiniatureDigital,0,OniMiniaturePhysical,0,KitsuneMiniatureDigital,0,KitsuneMiniaturePhysical,0,TanukiMiniatureDigital,0,TanukiMiniaturePhysical,0,TenguMiniatureDigital,0,TenguMiniaturePhysical,0,KappaMiniatureDigital,0,KappaMiniaturePhysical,0,YureiMiniatureDigital,0,YureiMiniaturePhysical,0,ItsumadeMiniatureDigital,0,ItsumadeMiniaturePhysical,0,AmeOnnaMiniature,0,AmeOnnaMiniature1,0,NureOnnaMiniature,0,NureOnnaMiniature1,0,JubokkuMiniatureDigital,0,JubokkuMiniaturePhysical,0,TsuchigumoMiniatureDigital,0,TsuchigumoMiniaturePhysical,0,GashadokuroMiniatureDigital,0,GashadokuroMiniaturePhysical,0,CastleDigital,1,CastlePhysical,0,UltimateCastleWalls,1,UltimateCastleWalls1,0,CastleGateTower,1,CastleGateTower1,0,CastleGateTower2,1,CastleGateTower3,0,LanternsSetDigital,1,LanternsSetPhysical,0,BridgesSetDigital,1,BridgesSetPhysical,0,PondsSetDigital,1,PondsSetPhysical,0,SmallToriiPhysical,0,LargeToriiPhysical,0,ZenGardenDigital,1,ZenGardenPhysical,0,TemplePagodaDigital,1,TemplePagodaPhysical,0,TeahouseDigital,1,TeahousePhysical,0,SumoRingDigital,1,SumoRingPhysical,0,ShrineSetDigital,1,ShrineSetPhysical,0,UltimateStoneWalls,1,UltimateStoneWalls1,0,UltimateWoodenWalls,1,UltimateWoodenWalls1,0,FarmhouseVariation1,0,FarmhouseSetDigital,1,ToriiSetDigital,1,FarmhouseVariation2,0,RuinedHutDigital,1,RuinedHutPhysical,0,FarmyardSetDigital,1,FarmyardSetPhysical,0,MarketStallsSet,1,MarketStallsSet1,0,mrrossiter@hotmail.com,Mary Rossiter,United States,Digital STL files only,,
86,480275408,Hugo Rocha Silva,rocha_hugo@hotmail.com,N/A,$0.00,,,,$1.00,$1.00,$0.00,$1.00,"2025/10/30, 10:34",false,false,Not available,collected,,0,0,0,0,0,0,0,0,0,0,0,0,0,0,0,0,0,0,0,0,0,0,0,0,0,0,0,0,0,0,0,0,0,0,0,0,0,0,0,0,0,0,0,0,0,0,0,0,0,0,0,0,0,0,0,0,0,0,0,0,0,0,0,0,0,0,0,0,0,0,0,0,0,0,0,0,0,0,0,0,0,0,0,0,0,0,0,0,0,0,0,0,0,0,0,0,0,0,0,0,0,0,0,0,0,0,0,0,0,0,0,0,0,0,0,0,0,0,0,0,0,0,0,0,0,0,0,0,0,0,0,0,0,0,0,0,0,0,0,0,0,0,0,0,,Hugo Rocha Silva,,,,,,,,,,AccesstoAddons,,ShoshinThePath,,ShoshinThePath1,,StarterClanDigital,,StarterClanPhysical,,YokaiSetDigital,,YokaiSetPhysical,,OniMiniatureDigital,,OniMiniaturePhysical,,KitsuneMiniatureDigital,,KitsuneMiniaturePhysical,,TanukiMiniatureDigital,,TanukiMiniaturePhysical,,TenguMiniatureDigital,,TenguMiniaturePhysical,,KappaMiniatureDigital,,KappaMiniaturePhysical,,YureiMiniatureDigital,,YureiMiniaturePhysical,,ItsumadeMiniatureDigital,,ItsumadeMiniaturePhysical,,AmeOnnaMiniature,,AmeOnnaMiniature1,,NureOnnaMiniature,,NureOnnaMiniature1,,JubokkuMiniatureDigital,,JubokkuMiniaturePhysical,,TsuchigumoMiniatureDigital,,TsuchigumoMiniaturePhysical,,GashadokuroMiniatureDigital,,GashadokuroMiniaturePhysical,,CastleDigital,,CastlePhysical,,UltimateCastleWalls,,UltimateCastleWalls1,,CastleGateTower,,CastleGateTower1,,CastleGateTower2,,CastleGateTower3,,LanternsSetDigital,,LanternsSetPhysical,,BridgesSetDigital,,BridgesSetPhysical,,PondsSetDigital,,PondsSetPhysical,,SmallToriiPhysical,,LargeToriiPhysical,,ZenGardenDigital,,ZenGardenPhysical,,TemplePagodaDigital,,TemplePagodaPhysical,,TeahouseDigital,,TeahousePhysical,,SumoRingDigital,,SumoRingPhysical,,ShrineSetDigital,,ShrineSetPhysical,,UltimateStoneWalls,,UltimateStoneWalls1,,UltimateWoodenWalls,,UltimateWoodenWalls1,,FarmhouseVariation1,,FarmhouseSetDigital,,ToriiSetDigital,,FarmhouseVariation2,,RuinedHutDigital,,RuinedHutPhysical,,FarmyardSetDigital,,FarmyardSetPhysical,,MarketStallsSet,,MarketStallsSet1,,,,,,$0.00,
87,1972765167,Seven Castles Games,sevencastlesgames@gmail.com,N/A,$0.00,,,,$1.00,$1.00,$0.00,$1.00,"2025/10/30, 10:40",false,false,Not available,collected,,0,0,0,0,0,0,0,0,0,0,0,0,0,0,0,0,0,0,0,0,0,0,0,0,0,0,0,0,0,0,0,0,0,0,0,0,0,0,0,0,0,0,0,0,0,0,0,0,0,0,0,0,0,0,0,0,0,0,0,0,0,0,0,0,0,0,0,0,0,0,0,0,0,0,0,0,0,0,0,0,0,0,0,0,0,0,0,0,0,0,0,0,0,0,0,0,0,0,0,0,0,0,0,0,0,0,0,0,0,0,0,0,0,0,0,0,0,0,0,0,0,0,0,0,0,0,0,0,0,0,0,0,0,0,0,0,0,0,0,0,0,0,0,0,"2025/12/12, 18:11",Seven Castles Games,,,,,,,,,,AccesstoAddons,0,ShoshinThePath,0,ShoshinThePath1,0,StarterClanDigital,0,StarterClanPhysical,0,YokaiSetDigital,0,YokaiSetPhysical,0,OniMiniatureDigital,0,OniMiniaturePhysical,0,KitsuneMiniatureDigital,0,KitsuneMiniaturePhysical,0,TanukiMiniatureDigital,0,TanukiMiniaturePhysical,0,TenguMiniatureDigital,0,TenguMiniaturePhysical,0,KappaMiniatureDigital,0,KappaMiniaturePhysical,0,YureiMiniatureDigital,0,YureiMiniaturePhysical,0,ItsumadeMiniatureDigital,0,ItsumadeMiniaturePhysical,0,AmeOnnaMiniature,0,AmeOnnaMiniature1,0,NureOnnaMiniature,0,NureOnnaMiniature1,0,JubokkuMiniatureDigital,0,JubokkuMiniaturePhysical,0,TsuchigumoMiniatureDigital,0,TsuchigumoMiniaturePhysical,0,GashadokuroMiniatureDigital,0,GashadokuroMiniaturePhysical,0,CastleDigital,0,CastlePhysical,0,UltimateCastleWalls,0,UltimateCastleWalls1,0,CastleGateTower,0,CastleGateTower1,0,CastleGateTower2,0,CastleGateTower3,0,LanternsSetDigital,0,LanternsSetPhysical,0,BridgesSetDigital,0,BridgesSetPhysical,0,PondsSetDigital,0,PondsSetPhysical,0,SmallToriiPhysical,0,LargeToriiPhysical,0,ZenGardenDigital,0,ZenGardenPhysical,0,TemplePagodaDigital,0,TemplePagodaPhysical,0,TeahouseDigital,0,TeahousePhysical,0,SumoRingDigital,0,SumoRingPhysical,0,ShrineSetDigital,0,ShrineSetPhysical,0,UltimateStoneWalls,0,UltimateStoneWalls1,0,UltimateWoodenWalls,0,UltimateWoodenWalls1,0,FarmhouseVariation1,0,FarmhouseSetDigital,0,ToriiSetDigital,0,FarmhouseVariation2,0,RuinedHutDigital,0,RuinedHutPhysical,0,FarmyardSetDigital,0,FarmyardSetPhysical,0,MarketStallsSet,0,MarketStallsSet1,0,sevencastlesgames@gmail.com,Hugo Silva,European Union,"Not applicable to my pledge (Book, Boxset, Bonus Support)",$0.00,
88,1688225570,Duston Meyers,dmeyers315@yahoo.com,US,$0.00,Path of Ascension,$89.00,10532079,$0.00,$89.00,$0.00,$89.00,"2025/10/30, 16:38",false,false,Not provided,collected,,0,0,0,0,0,0,0,0,0,0,0,0,0,0,0,0,0,0,0,0,0,0,0,0,0,0,0,0,0,0,0,0,0,0,0,0,0,0,0,0,0,0,0,0,0,0,0,0,0,0,0,0,0,0,0,0,0,0,0,0,0,0,0,0,0,0,0,0,0,0,0,0,0,0,1,0,1,0,0,0,0,0,0,0,0,0,0,0,0,0,0,0,0,0,0,0,0,0,0,0,0,0,0,0,0,0,0,0,0,0,0,0,0,0,0,0,0,0,0,0,0,0,0,0,0,0,0,0,0,0,0,0,0,0,0,0,0,0,0,0,0,0,0,0,"2025/12/14, 23:16",Duston Meyers,100 Fawn Dr,,Winchester,VA,22602-1565,United States,US,+15408481883,,AccesstoAddons,1,ShoshinThePath,0,ShoshinThePath1,1,StarterClanDigital,0,StarterClanPhysical,0,YokaiSetDigital,0,YokaiSetPhysical,0,OniMiniatureDigital,0,OniMiniaturePhysical,0,KitsuneMiniatureDigital,0,KitsuneMiniaturePhysical,0,TanukiMiniatureDigital,0,TanukiMiniaturePhysical,0,TenguMiniatureDigital,0,TenguMiniaturePhysical,0,KappaMiniatureDigital,0,KappaMiniaturePhysical,0,YureiMiniatureDigital,0,YureiMiniaturePhysical,0,ItsumadeMiniatureDigital,0,ItsumadeMiniaturePhysical,0,AmeOnnaMiniature,0,AmeOnnaMiniature1,0,NureOnnaMiniature,0,NureOnnaMiniature1,0,JubokkuMiniatureDigital,0,JubokkuMiniaturePhysical,0,TsuchigumoMiniatureDigital,0,TsuchigumoMiniaturePhysical,0,GashadokuroMiniatureDigital,0,GashadokuroMiniaturePhysical,0,CastleDigital,0,CastlePhysical,0,UltimateCastleWalls,0,UltimateCastleWalls1,0,CastleGateTower,0,CastleGateTower1,0,CastleGateTower2,0,CastleGateTower3,0,LanternsSetDigital,0,LanternsSetPhysical,0,BridgesSetDigital,0,BridgesSetPhysical,0,PondsSetDigital,0,PondsSetPhysical,0,SmallToriiPhysical,0,LargeToriiPhysical,0,ZenGardenDigital,0,ZenGardenPhysical,0,TemplePagodaDigital,0,TemplePagodaPhysical,0,TeahouseDigital,0,TeahousePhysical,0,SumoRingDigital,0,SumoRingPhysical,0,ShrineSetDigital,0,ShrineSetPhysical,0,UltimateStoneWalls,0,UltimateStoneWalls1,0,UltimateWoodenWalls,0,UltimateWoodenWalls1,0,FarmhouseVariation1,0,FarmhouseSetDigital,0,ToriiSetDigital,0,FarmhouseVariation2,0,RuinedHutDigital,0,RuinedHutPhysical,0,FarmyardSetDigital,0,FarmyardSetPhysical,0,MarketStallsSet,0,MarketStallsSet1,0,Dmeyers315@yahoo.com,Duston Meyers,United States,"Not applicable to my pledge (Book, Boxset, Bonus Support)",$0.00,
91,1776888368,GJ,g.jungbauer@gmx.de,N/A,$0.00,Petal on the Wind,$79.00,10532059,$0.00,$79.00,$0.00,$79.00,"2025/10/31, 12:37",false,false,Not provided,collected,,0,0,0,0,0,0,0,1,0,0,0,0,0,0,0,0,0,0,0,0,0,0,0,0,0,0,0,0,0,0,0,0,0,0,0,1,0,0,0,0,0,0,0,0,0,0,0,0,0,0,0,0,0,1,0,0,0,0,0,0,0,0,0,0,0,0,0,0,0,0,0,0,0,0,1,0,0,0,0,0,0,0,0,0,0,0,0,0,1,0,0,0,0,0,0,0,0,0,0,0,0,0,0,0,0,0,0,0,0,0,0,0,0,0,0,0,1,0,0,0,0,0,0,0,0,0,0,0,0,0,1,0,0,0,0,0,0,0,0,0,0,0,0,0,"2025/12/14, 19:57",Gert Jungbauer,Ludwigsplatz 14,"",Straubing,"",94315,Germany,DE,"",,AccesstoAddons,1,ShoshinThePath,0,ShoshinThePath1,0,StarterClanDigital,0,StarterClanPhysical,0,YokaiSetDigital,0,YokaiSetPhysical,0,OniMiniatureDigital,0,OniMiniaturePhysical,0,KitsuneMiniatureDigital,0,KitsuneMiniaturePhysical,0,TanukiMiniatureDigital,0,TanukiMiniaturePhysical,0,TenguMiniatureDigital,0,TenguMiniaturePhysical,0,KappaMiniatureDigital,0,KappaMiniaturePhysical,0,YureiMiniatureDigital,0,YureiMiniaturePhysical,0,ItsumadeMiniatureDigital,0,ItsumadeMiniaturePhysical,0,AmeOnnaMiniature,0,AmeOnnaMiniature1,0,NureOnnaMiniature,0,NureOnnaMiniature1,0,JubokkuMiniatureDigital,0,JubokkuMiniaturePhysical,0,TsuchigumoMiniatureDigital,0,TsuchigumoMiniaturePhysical,0,GashadokuroMiniatureDigital,0,GashadokuroMiniaturePhysical,0,CastleDigital,1,CastlePhysical,0,UltimateCastleWalls,0,UltimateCastleWalls1,0,CastleGateTower,0,CastleGateTower1,0,CastleGateTower2,0,CastleGateTower3,0,LanternsSetDigital,0,LanternsSetPhysical,0,BridgesSetDigital,0,BridgesSetPhysical,0,PondsSetDigital,0,PondsSetPhysical,0,SmallToriiPhysical,0,LargeToriiPhysical,0,ZenGardenDigital,0,ZenGardenPhysical,0,TemplePagodaDigital,0,TemplePagodaPhysical,0,TeahouseDigital,0,TeahousePhysical,0,SumoRingDigital,0,SumoRingPhysical,0,ShrineSetDigital,1,ShrineSetPhysical,0,UltimateStoneWalls,0,UltimateStoneWalls1,0,UltimateWoodenWalls,0,UltimateWoodenWalls1,0,FarmhouseVariation1,0,FarmhouseSetDigital,0,ToriiSetDigital,1,FarmhouseVariation2,0,RuinedHutDigital,0,RuinedHutPhysical,0,FarmyardSetDigital,0,FarmyardSetPhysical,0,MarketStallsSet,0,MarketStallsSet1,0,g.jungbauer@gmx.de,GJ,European Union,Digital STL files only,$0.00,
92,1834734149,Joshue,jcruz.2011@yahoo.com,N/A,$0.00,Petal on the Wind,$8.00,10532059,$0.00,$8.00,$0.00,$8.00,"2025/10/31, 19:39",false,false,Not provided,collected,,0,1,0,0,0,0,0,0,0,0,0,0,0,0,0,0,0,0,0,0,0,0,0,0,0,0,0,0,0,0,0,0,0,0,0,0,0,0,0,0,0,0,0,0,0,0,0,0,0,0,0,0,0,0,0,0,0,0,0,0,0,0,0,0,0,0,0,0,0,0,0,0,0,0,1,0,0,0,0,0,0,0,1,0,0,0,0,0,0,0,0,0,0,0,0,0,0,0,0,0,0,0,0,0,0,0,0,0,0,0,0,0,0,0,0,0,0,0,0,0,0,0,0,0,0,0,0,0,0,0,0,0,0,0,0,0,0,0,0,0,0,0,0,0,"2025/12/14, 19:03",Joshue santiago,1708 Spring Rose Cir,C,Killeen,TX,76543-9001,United States,US,+12543935721,,AccesstoAddons,1,ShoshinThePath,0,ShoshinThePath1,0,StarterClanDigital,0,StarterClanPhysical,0,YokaiSetDigital,0,YokaiSetPhysical,0,OniMiniatureDigital,0,OniMiniaturePhysical,0,KitsuneMiniatureDigital,1,KitsuneMiniaturePhysical,0,TanukiMiniatureDigital,0,TanukiMiniaturePhysical,0,TenguMiniatureDigital,0,TenguMiniaturePhysical,0,KappaMiniatureDigital,0,KappaMiniaturePhysical,0,YureiMiniatureDigital,0,YureiMiniaturePhysical,0,ItsumadeMiniatureDigital,0,ItsumadeMiniaturePhysical,0,AmeOnnaMiniature,0,AmeOnnaMiniature1,0,NureOnnaMiniature,0,NureOnnaMiniature1,0,JubokkuMiniatureDigital,0,JubokkuMiniaturePhysical,0,TsuchigumoMiniatureDigital,0,TsuchigumoMiniaturePhysical,0,GashadokuroMiniatureDigital,0,GashadokuroMiniaturePhysical,0,CastleDigital,0,CastlePhysical,0,UltimateCastleWalls,0,UltimateCastleWalls1,0,CastleGateTower,0,CastleGateTower1,0,CastleGateTower2,0,CastleGateTower3,0,LanternsSetDigital,0,LanternsSetPhysical,0,BridgesSetDigital,0,BridgesSetPhysical,0,PondsSetDigital,0,PondsSetPhysical,0,SmallToriiPhysical,0,LargeToriiPhysical,0,ZenGardenDigital,0,ZenGardenPhysical,0,TemplePagodaDigital,0,TemplePagodaPhysical,0,TeahouseDigital,0,TeahousePhysical,0,SumoRingDigital,0,SumoRingPhysical,0,ShrineSetDigital,0,ShrineSetPhysical,0,UltimateStoneWalls,0,UltimateStoneWalls1,0,UltimateWoodenWalls,0,UltimateWoodenWalls1,0,FarmhouseVariation1,0,FarmhouseSetDigital,0,ToriiSetDigital,0,FarmhouseVariation2,0,RuinedHutDigital,0,RuinedHutPhysical,0,FarmyardSetDigital,0,FarmyardSetPhysical,0,MarketStallsSet,0,MarketStallsSet1,0,Jcruz.2011@yahoo.com,,United States,Both digital and physical,$0.00,
93,1105094154,rev-naps,naps@rev-naps.org,US,$0.00,Heaven's Will - Digital,$294.00,10831505,$0.00,$294.00,$0.00,$294.00,"2025/11/01, 00:10",false,false,Not provided,collected,,0,0,0,0,0,0,0,0,0,0,0,0,0,0,0,0,0,0,0,0,0,0,0,0,0,0,0,0,0,0,0,0,0,0,0,0,0,0,0,0,0,0,0,0,0,0,0,0,0,0,0,0,0,0,0,0,0,0,0,0,0,0,0,0,0,0,0,0,0,0,0,0,0,0,1,0,1,4,0,1,0,0,0,0,0,0,0,0,0,0,0,0,0,0,0,0,0,0,0,0,0,0,0,0,0,0,0,0,0,0,0,0,0,0,0,0,0,0,0,0,0,0,0,0,0,0,0,0,0,0,0,0,0,0,0,0,0,0,0,0,0,0,0,0,"2025/12/10, 19:00",Paul Aho,4028 N Lincoln St,"",Westmont,IL,60559-1322,United States,US,6304158394,,AccesstoAddons,1,ShoshinThePath,0,ShoshinThePath1,1,StarterClanDigital,4,StarterClanPhysical,0,YokaiSetDigital,1,YokaiSetPhysical,0,OniMiniatureDigital,0,OniMiniaturePhysical,0,KitsuneMiniatureDigital,0,KitsuneMiniaturePhysical,0,TanukiMiniatureDigital,0,TanukiMiniaturePhysical,0,TenguMiniatureDigital,0,TenguMiniaturePhysical,0,KappaMiniatureDigital,0,KappaMiniaturePhysical,0,YureiMiniatureDigital,0,YureiMiniaturePhysical,0,ItsumadeMiniatureDigital,0,ItsumadeMiniaturePhysical,0,AmeOnnaMiniature,0,AmeOnnaMiniature1,0,NureOnnaMiniature,0,NureOnnaMiniature1,0,JubokkuMiniatureDigital,0,JubokkuMiniaturePhysical,0,TsuchigumoMiniatureDigital,0,TsuchigumoMiniaturePhysical,0,GashadokuroMiniatureDigital,0,GashadokuroMiniaturePhysical,0,CastleDigital,0,CastlePhysical,0,UltimateCastleWalls,0,UltimateCastleWalls1,0,CastleGateTower,0,CastleGateTower1,0,CastleGateTower2,0,CastleGateTower3,0,LanternsSetDigital,0,LanternsSetPhysical,0,BridgesSetDigital,0,BridgesSetPhysical,0,PondsSetDigital,0,PondsSetPhysical,0,SmallToriiPhysical,0,LargeToriiPhysical,0,ZenGardenDigital,0,ZenGardenPhysical,0,TemplePagodaDigital,0,TemplePagodaPhysical,0,TeahouseDigital,0,TeahousePhysical,0,SumoRingDigital,0,SumoRingPhysical,0,ShrineSetDigital,0,ShrineSetPhysical,0,UltimateStoneWalls,0,UltimateStoneWalls1,0,UltimateWoodenWalls,0,UltimateWoodenWalls1,0,FarmhouseVariation1,0,FarmhouseSetDigital,0,ToriiSetDigital,0,FarmhouseVariation2,0,RuinedHutDigital,0,RuinedHutPhysical,0,FarmyardSetDigital,0,FarmyardSetPhysical,0,MarketStallsSet,0,MarketStallsSet1,0,naps@rev-naps.org,Paul aho,United States,Both digital and physical,$0.00,
94,1925837372,Thomas Manley,manleytf@gmail.com,US,$0.00,Beginner's Mind,$54.00,10532073,$0.00,$54.00,$0.00,$54.00,"2025/11/01, 01:56",false,false,Not provided,collected,,0,0,0,0,0,0,0,0,0,0,0,0,0,0,0,0,0,0,0,0,0,0,0,0,0,0,0,0,0,0,0,0,0,0,0,0,0,0,0,0,0,0,0,0,0,0,0,0,0,0,0,0,0,0,0,0,0,0,0,0,0,0,0,0,0,0,0,0,0,0,0,0,0,0,1,1,0,0,0,0,0,0,0,0,0,0,0,0,0,0,0,0,0,0,0,0,0,0,0,0,0,0,0,0,0,0,0,0,0,0,0,0,0,0,0,0,0,0,0,0,0,0,0,0,0,0,0,0,0,0,0,0,0,0,0,0,0,0,0,0,0,0,0,0,"2025/12/10, 18:55",Thomas Manley,5103 Redwing Dr,,Alexandria,VA,22312-2044,United States,US,"",,AccesstoAddons,1,ShoshinThePath,1,ShoshinThePath1,0,StarterClanDigital,0,StarterClanPhysical,0,YokaiSetDigital,0,YokaiSetPhysical,0,OniMiniatureDigital,0,OniMiniaturePhysical,0,KitsuneMiniatureDigital,0,KitsuneMiniaturePhysical,0,TanukiMiniatureDigital,0,TanukiMiniaturePhysical,0,TenguMiniatureDigital,0,TenguMiniaturePhysical,0,KappaMiniatureDigital,0,KappaMiniaturePhysical,0,YureiMiniatureDigital,0,YureiMiniaturePhysical,0,ItsumadeMiniatureDigital,0,ItsumadeMiniaturePhysical,0,AmeOnnaMiniature,0,AmeOnnaMiniature1,0,NureOnnaMiniature,0,NureOnnaMiniature1,0,JubokkuMiniatureDigital,0,JubokkuMiniaturePhysical,0,TsuchigumoMiniatureDigital,0,TsuchigumoMiniaturePhysical,0,GashadokuroMiniatureDigital,0,GashadokuroMiniaturePhysical,0,CastleDigital,0,CastlePhysical,0,UltimateCastleWalls,0,UltimateCastleWalls1,0,CastleGateTower,0,CastleGateTower1,0,CastleGateTower2,0,CastleGateTower3,0,LanternsSetDigital,0,LanternsSetPhysical,0,BridgesSetDigital,0,BridgesSetPhysical,0,PondsSetDigital,0,PondsSetPhysical,0,SmallToriiPhysical,0,LargeToriiPhysical,0,ZenGardenDigital,0,ZenGardenPhysical,0,TemplePagodaDigital,0,TemplePagodaPhysical,0,TeahouseDigital,0,TeahousePhysical,0,SumoRingDigital,0,SumoRingPhysical,0,ShrineSetDigital,0,ShrineSetPhysical,0,UltimateStoneWalls,0,UltimateStoneWalls1,0,UltimateWoodenWalls,0,UltimateWoodenWalls1,0,FarmhouseVariation1,0,FarmhouseSetDigital,0,ToriiSetDigital,0,FarmhouseVariation2,0,RuinedHutDigital,0,RuinedHutPhysical,0,FarmyardSetDigital,0,FarmyardSetPhysical,0,MarketStallsSet,0,MarketStallsSet1,0,manleytf@gmail.com,Thomas Manley,United States,"Not applicable to my pledge (Book, Boxset, Bonus Support)",$0.00,
95,1946327176,J. R. Tracy,jrtracy@gmail.com,US,$0.00,Heaven's Will - Physical,$624.00,10831509,$0.00,$624.00,$0.00,$624.00,"2025/11/01, 04:42",false,false,Not provided,collected,,0,0,0,0,0,0,0,0,0,0,0,0,0,0,0,0,0,0,0,0,0,0,0,0,0,0,0,0,0,0,0,0,0,0,0,0,0,0,0,0,0,0,0,0,0,0,0,0,0,0,0,0,0,0,0,0,0,0,0,0,0,0,0,0,0,0,0,0,0,0,0,0,0,0,1,0,1,0,4,0,1,0,0,0,0,0,0,0,0,0,0,0,0,0,0,0,0,0,0,0,0,0,0,0,0,0,0,0,0,0,0,0,0,0,0,0,0,0,0,0,0,0,0,0,0,0,0,0,0,0,0,0,0,0,0,0,0,0,0,0,0,0,0,0,"2025/12/18, 15:04",J. R. Tracy,PO Box 47,24 Cascadia Farm Way,Stanfordville,NY,12581-0047,United States,US,9178217417,,AccesstoAddons,1,ShoshinThePath,0,ShoshinThePath1,1,StarterClanDigital,0,StarterClanPhysical,4,YokaiSetDigital,0,YokaiSetPhysical,1,OniMiniatureDigital,0,OniMiniaturePhysical,0,KitsuneMiniatureDigital,0,KitsuneMiniaturePhysical,0,TanukiMiniatureDigital,0,TanukiMiniaturePhysical,0,TenguMiniatureDigital,0,TenguMiniaturePhysical,0,KappaMiniatureDigital,0,KappaMiniaturePhysical,0,YureiMiniatureDigital,0,YureiMiniaturePhysical,0,ItsumadeMiniatureDigital,0,ItsumadeMiniaturePhysical,0,AmeOnnaMiniature,0,AmeOnnaMiniature1,0,NureOnnaMiniature,0,NureOnnaMiniature1,0,JubokkuMiniatureDigital,0,JubokkuMiniaturePhysical,0,TsuchigumoMiniatureDigital,0,TsuchigumoMiniaturePhysical,0,GashadokuroMiniatureDigital,0,GashadokuroMiniaturePhysical,0,CastleDigital,0,CastlePhysical,0,UltimateCastleWalls,0,UltimateCastleWalls1,0,CastleGateTower,0,CastleGateTower1,0,CastleGateTower2,0,CastleGateTower3,0,LanternsSetDigital,0,LanternsSetPhysical,0,BridgesSetDigital,0,BridgesSetPhysical,0,PondsSetDigital,0,PondsSetPhysical,0,SmallToriiPhysical,0,LargeToriiPhysical,0,ZenGardenDigital,0,ZenGardenPhysical,0,TemplePagodaDigital,0,TemplePagodaPhysical,0,TeahouseDigital,0,TeahousePhysical,0,SumoRingDigital,0,SumoRingPhysical,0,ShrineSetDigital,0,ShrineSetPhysical,0,UltimateStoneWalls,0,UltimateStoneWalls1,0,UltimateWoodenWalls,0,UltimateWoodenWalls1,0,FarmhouseVariation1,0,FarmhouseSetDigital,0,ToriiSetDigital,0,FarmhouseVariation2,0,RuinedHutDigital,0,RuinedHutPhysical,0,FarmyardSetDigital,0,FarmyardSetPhysical,0,MarketStallsSet,0,MarketStallsSet1,0,jr@hellcat.com,J. R. Tracy,United States,Physical miniatures only,$0.00,
97,408432599,James Autry,inquisitorautry@gmail.com,US,$0.00,Path of Ascension,$89.00,10532079,$0.00,$89.00,$0.00,$89.00,"2025/11/04, 19:39",false,false,Not provided,collected,,0,0,0,0,0,0,0,0,0,0,0,0,0,0,0,0,0,0,0,0,0,0,0,0,0,0,0,0,0,0,0,0,0,0,0,0,0,0,0,0,0,0,0,0,0,0,0,0,0,0,0,0,0,0,0,0,0,0,0,0,0,0,0,0,0,0,0,0,0,0,0,0,0,0,1,0,1,0,0,0,0,0,0,0,0,0,0,0,0,0,0,0,0,0,0,0,0,0,0,0,0,0,0,0,0,0,0,0,0,0,0,0,0,0,0,0,0,0,0,0,0,0,0,0,0,0,0,0,0,0,0,0,0,0,0,0,0,0,0,0,0,0,0,0,"2025/12/10, 17:54",Jim Autry,1420 Ree St,"",Starke,FL,32091-1453,United States,US,3527456707,,AccesstoAddons,1,ShoshinThePath,0,ShoshinThePath1,1,StarterClanDigital,0,StarterClanPhysical,0,YokaiSetDigital,0,YokaiSetPhysical,0,OniMiniatureDigital,0,OniMiniaturePhysical,0,KitsuneMiniatureDigital,0,KitsuneMiniaturePhysical,0,TanukiMiniatureDigital,0,TanukiMiniaturePhysical,0,TenguMiniatureDigital,0,TenguMiniaturePhysical,0,KappaMiniatureDigital,0,KappaMiniaturePhysical,0,YureiMiniatureDigital,0,YureiMiniaturePhysical,0,ItsumadeMiniatureDigital,0,ItsumadeMiniaturePhysical,0,AmeOnnaMiniature,0,AmeOnnaMiniature1,0,NureOnnaMiniature,0,NureOnnaMiniature1,0,JubokkuMiniatureDigital,0,JubokkuMiniaturePhysical,0,TsuchigumoMiniatureDigital,0,TsuchigumoMiniaturePhysical,0,GashadokuroMiniatureDigital,0,GashadokuroMiniaturePhysical,0,CastleDigital,0,CastlePhysical,0,UltimateCastleWalls,0,UltimateCastleWalls1,0,CastleGateTower,0,CastleGateTower1,0,CastleGateTower2,0,CastleGateTower3,0,LanternsSetDigital,0,LanternsSetPhysical,0,BridgesSetDigital,0,BridgesSetPhysical,0,PondsSetDigital,0,PondsSetPhysical,0,SmallToriiPhysical,0,LargeToriiPhysical,0,ZenGardenDigital,0,ZenGardenPhysical,0,TemplePagodaDigital,0,TemplePagodaPhysical,0,TeahouseDigital,0,TeahousePhysical,0,SumoRingDigital,0,SumoRingPhysical,0,ShrineSetDigital,0,ShrineSetPhysical,0,UltimateStoneWalls,0,UltimateStoneWalls1,0,UltimateWoodenWalls,0,UltimateWoodenWalls1,0,FarmhouseVariation1,0,FarmhouseSetDigital,0,ToriiSetDigital,0,FarmhouseVariation2,0,RuinedHutDigital,0,RuinedHutPhysical,0,FarmyardSetDigital,0,FarmyardSetPhysical,0,MarketStallsSet,0,MarketStallsSet1,0,Inquisitorautry@gmail.com,Jim Autry,United States,"Not applicable to my pledge (Book, Boxset, Bonus Support)",$0.00,
98,1973947752,John Montrie,johnmontrie@gmail.com,N/A,$0.00,Petal on the Wind,$5.00,10532059,$0.00,$5.00,$0.00,$5.00,"2025/11/05, 05:09",false,false,Not provided,collected,,0,0,0,0,0,0,0,0,0,0,0,0,0,0,0,0,0,0,0,0,0,0,0,0,0,0,0,0,0,0,0,0,0,0,0,0,0,0,0,0,0,0,0,0,0,0,0,0,0,0,0,0,0,0,0,0,0,0,0,0,0,0,0,0,0,0,0,0,0,0,0,0,0,0,1,0,0,0,0,0,0,0,0,0,0,0,0,0,0,0,0,0,0,0,0,0,0,0,0,0,0,0,0,0,0,0,0,0,0,0,0,0,0,0,0,0,0,0,0,0,0,0,0,0,0,0,0,0,0,0,0,0,0,0,0,0,0,0,0,0,0,0,0,0,"2025/12/12, 18:30",John Montrie,3381 S Leisure World Blvd Apt 2B,"",Silver Spring,MD,20906-1757,United States,US,3019745922,,AccesstoAddons,1,ShoshinThePath,0,ShoshinThePath1,0,StarterClanDigital,0,StarterClanPhysical,0,YokaiSetDigital,0,YokaiSetPhysical,0,OniMiniatureDigital,0,OniMiniaturePhysical,0,KitsuneMiniatureDigital,0,KitsuneMiniaturePhysical,0,TanukiMiniatureDigital,0,TanukiMiniaturePhysical,0,TenguMiniatureDigital,0,TenguMiniaturePhysical,0,KappaMiniatureDigital,0,KappaMiniaturePhysical,0,YureiMiniatureDigital,0,YureiMiniaturePhysical,0,ItsumadeMiniatureDigital,0,ItsumadeMiniaturePhysical,0,AmeOnnaMiniature,0,AmeOnnaMiniature1,0,NureOnnaMiniature,0,NureOnnaMiniature1,0,JubokkuMiniatureDigital,0,JubokkuMiniaturePhysical,0,TsuchigumoMiniatureDigital,0,TsuchigumoMiniaturePhysical,0,GashadokuroMiniatureDigital,0,GashadokuroMiniaturePhysical,0,CastleDigital,0,CastlePhysical,0,UltimateCastleWalls,0,UltimateCastleWalls1,0,CastleGateTower,0,CastleGateTower1,0,CastleGateTower2,0,CastleGateTower3,0,LanternsSetDigital,0,LanternsSetPhysical,0,BridgesSetDigital,0,BridgesSetPhysical,0,PondsSetDigital,0,PondsSetPhysical,0,SmallToriiPhysical,0,LargeToriiPhysical,0,ZenGardenDigital,0,ZenGardenPhysical,0,TemplePagodaDigital,0,TemplePagodaPhysical,0,TeahouseDigital,0,TeahousePhysical,0,SumoRingDigital,0,SumoRingPhysical,0,ShrineSetDigital,0,ShrineSetPhysical,0,UltimateStoneWalls,0,UltimateStoneWalls1,0,UltimateWoodenWalls,0,UltimateWoodenWalls1,0,FarmhouseVariation1,0,FarmhouseSetDigital,0,ToriiSetDigital,0,FarmhouseVariation2,0,RuinedHutDigital,0,RuinedHutPhysical,0,FarmyardSetDigital,0,FarmyardSetPhysical,0,MarketStallsSet,0,MarketStallsSet1,0,ivanchort@comcast.net,John Montrie,United States,Digital STL files only,$0.00,
99,503030921,Mikey Michaelson,nononoyoumustdie@gmail.com,N/A,$0.00,Petal on the Wind,$5.00,10532059,$0.00,$5.00,$0.00,$5.00,"2025/11/05, 22:32",false,false,Not provided,collected,,0,0,0,0,0,0,0,0,0,0,0,0,0,0,0,0,0,0,0,0,0,0,0,0,0,0,0,0,0,0,0,0,0,0,0,0,0,0,0,0,0,0,0,0,0,0,0,0,0,0,0,0,0,0,0,0,0,0,0,0,0,0,0,0,0,0,0,0,0,0,0,0,0,0,1,0,0,0,0,0,0,0,0,0,0,0,0,0,0,0,0,0,0,0,0,0,0,0,0,0,0,0,0,0,0,0,0,0,0,0,0,0,0,0,0,0,0,0,0,0,0,0,0,0,0,0,0,0,0,0,0,0,0,0,0,0,0,0,0,0,0,0,0,0,"2025/12/12, 20:18",mike michaelson,21560 123rd Ave SE,"",Kent,WA,98031-2271,United States,US,2064074918,,AccesstoAddons,1,ShoshinThePath,0,ShoshinThePath1,0,StarterClanDigital,0,StarterClanPhysical,0,YokaiSetDigital,0,YokaiSetPhysical,0,OniMiniatureDigital,0,OniMiniaturePhysical,0,KitsuneMiniatureDigital,0,KitsuneMiniaturePhysical,0,TanukiMiniatureDigital,0,TanukiMiniaturePhysical,0,TenguMiniatureDigital,0,TenguMiniaturePhysical,0,KappaMiniatureDigital,0,KappaMiniaturePhysical,0,YureiMiniatureDigital,0,YureiMiniaturePhysical,0,ItsumadeMiniatureDigital,0,ItsumadeMiniaturePhysical,0,AmeOnnaMiniature,0,AmeOnnaMiniature1,0,NureOnnaMiniature,0,NureOnnaMiniature1,0,JubokkuMiniatureDigital,0,JubokkuMiniaturePhysical,0,TsuchigumoMiniatureDigital,0,TsuchigumoMiniaturePhysical,0,GashadokuroMiniatureDigital,0,GashadokuroMiniaturePhysical,0,CastleDigital,0,CastlePhysical,0,UltimateCastleWalls,0,UltimateCastleWalls1,0,CastleGateTower,0,CastleGateTower1,0,CastleGateTower2,0,CastleGateTower3,0,LanternsSetDigital,0,LanternsSetPhysical,0,BridgesSetDigital,0,BridgesSetPhysical,0,PondsSetDigital,0,PondsSetPhysical,0,SmallToriiPhysical,0,LargeToriiPhysical,0,ZenGardenDigital,0,ZenGardenPhysical,0,TemplePagodaDigital,0,TemplePagodaPhysical,0,TeahouseDigital,0,TeahousePhysical,0,SumoRingDigital,0,SumoRingPhysical,0,ShrineSetDigital,0,ShrineSetPhysical,0,UltimateStoneWalls,0,UltimateStoneWalls1,0,UltimateWoodenWalls,0,UltimateWoodenWalls1,0,FarmhouseVariation1,0,FarmhouseSetDigital,0,ToriiSetDigital,0,FarmhouseVariation2,0,RuinedHutDigital,0,RuinedHutPhysical,0,FarmyardSetDigital,0,FarmyardSetPhysical,0,MarketStallsSet,0,MarketStallsSet1,0,nononoyoumustdie@gmail.com,Mike Michaelson,United States,"Not applicable to my pledge (Book, Boxset, Bonus Support)",$0.00,
100,677446623,Jeremiah Harding,Hardingjeremiah567@gmail.com,US,$0.00,Heaven's Will - Digital,$478.00,10831505,$0.00,$478.00,$159.34,$318.66,"2025/11/06, 04:54",false,true,Not provided,pledged,,1,0,0,0,0,0,0,1,1,1,0,1,1,1,0,1,1,1,1,1,1,0,0,0,0,1,1,0,0,1,0,1,0,0,0,1,0,0,0,0,0,0,0,0,0,0,0,0,0,0,0,0,0,1,0,0,0,0,0,0,0,0,0,0,0,0,0,0,0,0,0,0,0,0,1,0,1,4,0,1,0,1,0,0,0,0,0,0,1,1,1,0,1,1,1,0,1,1,1,1,1,1,0,0,0,0,1,1,0,0,1,0,1,0,0,0,1,0,0,0,0,0,0,0,0,0,0,0,0,0,1,0,0,0,0,0,0,0,0,0,0,0,0,0,"2025/12/10, 17:41",Jeremiah Harding,9928 DuPont Lakes Dr Apt 1B,,Fort Wayne,IN,46825-7353,United States,US,+12604467223,,AccesstoAddons,1,ShoshinThePath,0,ShoshinThePath1,1,StarterClanDigital,4,StarterClanPhysical,0,YokaiSetDigital,1,YokaiSetPhysical,0,OniMiniatureDigital,0,OniMiniaturePhysical,0,KitsuneMiniatureDigital,0,KitsuneMiniaturePhysical,0,TanukiMiniatureDigital,0,TanukiMiniaturePhysical,0,TenguMiniatureDigital,0,TenguMiniaturePhysical,0,KappaMiniatureDigital,0,KappaMiniaturePhysical,0,YureiMiniatureDigital,0,YureiMiniaturePhysical,0,ItsumadeMiniatureDigital,0,ItsumadeMiniaturePhysical,0,AmeOnnaMiniature,0,AmeOnnaMiniature1,0,NureOnnaMiniature,0,NureOnnaMiniature1,0,JubokkuMiniatureDigital,0,JubokkuMiniaturePhysical,0,TsuchigumoMiniatureDigital,0,TsuchigumoMiniaturePhysical,0,GashadokuroMiniatureDigital,0,GashadokuroMiniaturePhysical,0,CastleDigital,1,CastlePhysical,0,UltimateCastleWalls,1,UltimateCastleWalls1,0,CastleGateTower,1,CastleGateTower1,0,CastleGateTower2,1,CastleGateTower3,0,LanternsSetDigital,1,LanternsSetPhysical,0,BridgesSetDigital,1,BridgesSetPhysical,0,PondsSetDigital,1,PondsSetPhysical,0,SmallToriiPhysical,0,LargeToriiPhysical,0,ZenGardenDigital,1,ZenGardenPhysical,0,TemplePagodaDigital,1,TemplePagodaPhysical,0,TeahouseDigital,1,TeahousePhysical,0,SumoRingDigital,1,SumoRingPhysical,0,ShrineSetDigital,1,ShrineSetPhysical,0,UltimateStoneWalls,1,UltimateStoneWalls1,0,UltimateWoodenWalls,1,UltimateWoodenWalls1,0,FarmhouseVariation1,0,FarmhouseSetDigital,1,ToriiSetDigital,1,FarmhouseVariation2,0,RuinedHutDigital,1,RuinedHutPhysical,0,FarmyardSetDigital,1,FarmyardSetPhysical,0,MarketStallsSet,1,MarketStallsSet1,0,Hardingjeremiah567@gmail.com,Jeremiah Harding,United States,Digital STL files only,,
101,1541292945,Lee Wasilenko,lee.wasilenko@gmail.com,N/A,$0.00,Petal on the Wind,$5.00,10532059,$0.00,$5.00,$0.00,$5.00,"2025/11/06, 16:31",false,false,Not provided,collected,,0,0,0,0,0,0,0,0,0,0,0,0,0,0,0,0,0,0,0,0,0,0,0,0,0,0,0,0,0,0,0,0,0,0,0,0,0,0,0,0,0,0,0,0,0,0,0,0,0,0,0,0,0,0,0,0,0,0,0,0,0,0,0,0,0,0,0,0,0,0,0,0,0,0,1,0,0,0,0,0,0,0,0,0,0,0,0,0,0,0,0,0,0,0,0,0,0,0,0,0,0,0,0,0,0,0,0,0,0,0,0,0,0,0,0,0,0,0,0,0,0,0,0,0,0,0,0,0,0,0,0,0,0,0,0,0,0,0,0,0,0,0,0,0,"2025/12/11, 16:40",Lee Wasilenko,428 Johnstone Rd,"",Nelson,BC,V1L 6J1,Canada,CA,+17789528540,,AccesstoAddons,1,ShoshinThePath,0,ShoshinThePath1,0,StarterClanDigital,0,StarterClanPhysical,0,YokaiSetDigital,0,YokaiSetPhysical,0,OniMiniatureDigital,0,OniMiniaturePhysical,0,KitsuneMiniatureDigital,0,KitsuneMiniaturePhysical,0,TanukiMiniatureDigital,0,TanukiMiniaturePhysical,0,TenguMiniatureDigital,0,TenguMiniaturePhysical,0,KappaMiniatureDigital,0,KappaMiniaturePhysical,0,YureiMiniatureDigital,0,YureiMiniaturePhysical,0,ItsumadeMiniatureDigital,0,ItsumadeMiniaturePhysical,0,AmeOnnaMiniature,0,AmeOnnaMiniature1,0,NureOnnaMiniature,0,NureOnnaMiniature1,0,JubokkuMiniatureDigital,0,JubokkuMiniaturePhysical,0,TsuchigumoMiniatureDigital,0,TsuchigumoMiniaturePhysical,0,GashadokuroMiniatureDigital,0,GashadokuroMiniaturePhysical,0,CastleDigital,0,CastlePhysical,0,UltimateCastleWalls,0,UltimateCastleWalls1,0,CastleGateTower,0,CastleGateTower1,0,CastleGateTower2,0,CastleGateTower3,0,LanternsSetDigital,0,LanternsSetPhysical,0,BridgesSetDigital,0,BridgesSetPhysical,0,PondsSetDigital,0,PondsSetPhysical,0,SmallToriiPhysical,0,LargeToriiPhysical,0,ZenGardenDigital,0,ZenGardenPhysical,0,TemplePagodaDigital,0,TemplePagodaPhysical,0,TeahouseDigital,0,TeahousePhysical,0,SumoRingDigital,0,SumoRingPhysical,0,ShrineSetDigital,0,ShrineSetPhysical,0,UltimateStoneWalls,0,UltimateStoneWalls1,0,UltimateWoodenWalls,0,UltimateWoodenWalls1,0,FarmhouseVariation1,0,FarmhouseSetDigital,0,ToriiSetDigital,0,FarmhouseVariation2,0,RuinedHutDigital,0,RuinedHutPhysical,0,FarmyardSetDigital,0,FarmyardSetPhysical,0,MarketStallsSet,0,MarketStallsSet1,0,lee.wasilenko@gmail.com,Lee Wasilenko,Canada,Digital STL files only,$0.00,
102,1989645697,Pat Breen,pmbreen@gmail.com,AU,$0.00,Path of Ascension,$89.00,10532079,$0.00,$89.00,$0.00,$89.00,"2025/11/06, 21:33",false,false,Not provided,collected,,0,0,0,0,0,0,0,0,0,0,0,0,0,0,0,0,0,0,0,0,0,0,0,0,0,0,0,0,0,0,0,0,0,0,0,0,0,0,0,0,0,0,0,0,0,0,0,0,0,0,0,0,0,0,0,0,0,0,0,0,0,0,0,0,0,0,0,0,0,0,0,0,0,0,1,0,1,0,0,0,0,0,0,0,0,0,0,0,0,0,0,0,0,0,0,0,0,0,0,0,0,0,0,0,0,0,0,0,0,0,0,0,0,0,0,0,0,0,0,0,0,0,0,0,0,0,0,0,0,0,0,0,0,0,0,0,0,0,0,0,0,0,0,0,"2025/12/10, 17:43",Patrick Breen,165A Arthur St,"",Fairfield,VIC,3078,Australia,AU,0416098586,,AccesstoAddons,1,ShoshinThePath,0,ShoshinThePath1,1,StarterClanDigital,0,StarterClanPhysical,0,YokaiSetDigital,0,YokaiSetPhysical,0,OniMiniatureDigital,0,OniMiniaturePhysical,0,KitsuneMiniatureDigital,0,KitsuneMiniaturePhysical,0,TanukiMiniatureDigital,0,TanukiMiniaturePhysical,0,TenguMiniatureDigital,0,TenguMiniaturePhysical,0,KappaMiniatureDigital,0,KappaMiniaturePhysical,0,YureiMiniatureDigital,0,YureiMiniaturePhysical,0,ItsumadeMiniatureDigital,0,ItsumadeMiniaturePhysical,0,AmeOnnaMiniature,0,AmeOnnaMiniature1,0,NureOnnaMiniature,0,NureOnnaMiniature1,0,JubokkuMiniatureDigital,0,JubokkuMiniaturePhysical,0,TsuchigumoMiniatureDigital,0,TsuchigumoMiniaturePhysical,0,GashadokuroMiniatureDigital,0,GashadokuroMiniaturePhysical,0,CastleDigital,0,CastlePhysical,0,UltimateCastleWalls,0,UltimateCastleWalls1,0,CastleGateTower,0,CastleGateTower1,0,CastleGateTower2,0,CastleGateTower3,0,LanternsSetDigital,0,LanternsSetPhysical,0,BridgesSetDigital,0,BridgesSetPhysical,0,PondsSetDigital,0,PondsSetPhysical,0,SmallToriiPhysical,0,LargeToriiPhysical,0,ZenGardenDigital,0,ZenGardenPhysical,0,TemplePagodaDigital,0,TemplePagodaPhysical,0,TeahouseDigital,0,TeahousePhysical,0,SumoRingDigital,0,SumoRingPhysical,0,ShrineSetDigital,0,ShrineSetPhysical,0,UltimateStoneWalls,0,UltimateStoneWalls1,0,UltimateWoodenWalls,0,UltimateWoodenWalls1,0,FarmhouseVariation1,0,FarmhouseSetDigital,0,ToriiSetDigital,0,FarmhouseVariation2,0,RuinedHutDigital,0,RuinedHutPhysical,0,FarmyardSetDigital,0,FarmyardSetPhysical,0,MarketStallsSet,0,MarketStallsSet1,0,pmbreen@gmail.com,Pat Breen,Australia,Physical miniatures only,$0.00,
103,1684381903,Joel Magnuson,jrmagnuson@earthlink.net,US,$0.00,Path of Ascension,$89.00,10532079,$0.00,$89.00,$0.00,$89.00,"2025/11/07, 15:48",false,false,Not provided,collected,,0,0,0,0,0,0,0,0,0,0,0,0,0,0,0,0,0,0,0,0,0,0,0,0,0,0,0,0,0,0,0,0,0,0,0,0,0,0,0,0,0,0,0,0,0,0,0,0,0,0,0,0,0,0,0,0,0,0,0,0,0,0,0,0,0,0,0,0,0,0,0,0,0,0,1,0,1,0,0,0,0,0,0,0,0,0,0,0,0,0,0,0,0,0,0,0,0,0,0,0,0,0,0,0,0,0,0,0,0,0,0,0,0,0,0,0,0,0,0,0,0,0,0,0,0,0,0,0,0,0,0,0,0,0,0,0,0,0,0,0,0,0,0,0,"2025/12/11, 15:35",Joel Magnuson,7522 Sunrise Blvd Apt 503,"",Citrus Heights,CA,95610-3018,United States,US,+19167989081,,AccesstoAddons,1,ShoshinThePath,0,ShoshinThePath1,1,StarterClanDigital,0,StarterClanPhysical,0,YokaiSetDigital,0,YokaiSetPhysical,0,OniMiniatureDigital,0,OniMiniaturePhysical,0,KitsuneMiniatureDigital,0,KitsuneMiniaturePhysical,0,TanukiMiniatureDigital,0,TanukiMiniaturePhysical,0,TenguMiniatureDigital,0,TenguMiniaturePhysical,0,KappaMiniatureDigital,0,KappaMiniaturePhysical,0,YureiMiniatureDigital,0,YureiMiniaturePhysical,0,ItsumadeMiniatureDigital,0,ItsumadeMiniaturePhysical,0,AmeOnnaMiniature,0,AmeOnnaMiniature1,0,NureOnnaMiniature,0,NureOnnaMiniature1,0,JubokkuMiniatureDigital,0,JubokkuMiniaturePhysical,0,TsuchigumoMiniatureDigital,0,TsuchigumoMiniaturePhysical,0,GashadokuroMiniatureDigital,0,GashadokuroMiniaturePhysical,0,CastleDigital,0,CastlePhysical,0,UltimateCastleWalls,0,UltimateCastleWalls1,0,CastleGateTower,0,CastleGateTower1,0,CastleGateTower2,0,CastleGateTower3,0,LanternsSetDigital,0,LanternsSetPhysical,0,BridgesSetDigital,0,BridgesSetPhysical,0,PondsSetDigital,0,PondsSetPhysical,0,SmallToriiPhysical,0,LargeToriiPhysical,0,ZenGardenDigital,0,ZenGardenPhysical,0,TemplePagodaDigital,0,TemplePagodaPhysical,0,TeahouseDigital,0,TeahousePhysical,0,SumoRingDigital,0,SumoRingPhysical,0,ShrineSetDigital,0,ShrineSetPhysical,0,UltimateStoneWalls,0,UltimateStoneWalls1,0,UltimateWoodenWalls,0,UltimateWoodenWalls1,0,FarmhouseVariation1,0,FarmhouseSetDigital,0,ToriiSetDigital,0,FarmhouseVariation2,0,RuinedHutDigital,0,RuinedHutPhysical,0,FarmyardSetDigital,0,FarmyardSetPhysical,0,MarketStallsSet,0,MarketStallsSet1,0,Jrmagnuson@earthlink.net,Ryken,United States,"Not applicable to my pledge (Book, Boxset, Bonus Support)",$0.00,
104,1932751783,Jason Hendricks,jasonhendricks88@gmail.com,US,$0.00,Path of Ascension,$89.00,10532079,$0.00,$89.00,$0.00,$89.00,"2025/11/07, 19:07",false,false,Not provided,collected,,0,0,0,0,0,0,0,0,0,0,0,0,0,0,0,0,0,0,0,0,0,0,0,0,0,0,0,0,0,0,0,0,0,0,0,0,0,0,0,0,0,0,0,0,0,0,0,0,0,0,0,0,0,0,0,0,0,0,0,0,0,0,0,0,0,0,0,0,0,0,0,0,0,0,1,0,1,0,0,0,0,0,0,0,0,0,0,0,0,0,0,0,0,0,0,0,0,0,0,0,0,0,0,0,0,0,0,0,0,0,0,0,0,0,0,0,0,0,0,0,0,0,0,0,0,0,0,0,0,0,0,0,0,0,0,0,0,0,0,0,0,0,0,0,"2025/12/14, 20:26",Jason Hendricks,9245 Shellyfield Rd,"",Downey,CA,90240-2933,United States,US,+17344172874,,AccesstoAddons,1,ShoshinThePath,0,ShoshinThePath1,1,StarterClanDigital,0,StarterClanPhysical,0,YokaiSetDigital,0,YokaiSetPhysical,0,OniMiniatureDigital,0,OniMiniaturePhysical,0,KitsuneMiniatureDigital,0,KitsuneMiniaturePhysical,0,TanukiMiniatureDigital,0,TanukiMiniaturePhysical,0,TenguMiniatureDigital,0,TenguMiniaturePhysical,0,KappaMiniatureDigital,0,KappaMiniaturePhysical,0,YureiMiniatureDigital,0,YureiMiniaturePhysical,0,ItsumadeMiniatureDigital,0,ItsumadeMiniaturePhysical,0,AmeOnnaMiniature,0,AmeOnnaMiniature1,0,NureOnnaMiniature,0,NureOnnaMiniature1,0,JubokkuMiniatureDigital,0,JubokkuMiniaturePhysical,0,TsuchigumoMiniatureDigital,0,TsuchigumoMiniaturePhysical,0,GashadokuroMiniatureDigital,0,GashadokuroMiniaturePhysical,0,CastleDigital,0,CastlePhysical,0,UltimateCastleWalls,0,UltimateCastleWalls1,0,CastleGateTower,0,CastleGateTower1,0,CastleGateTower2,0,CastleGateTower3,0,LanternsSetDigital,0,LanternsSetPhysical,0,BridgesSetDigital,0,BridgesSetPhysical,0,PondsSetDigital,0,PondsSetPhysical,0,SmallToriiPhysical,0,LargeToriiPhysical,0,ZenGardenDigital,0,ZenGardenPhysical,0,TemplePagodaDigital,0,TemplePagodaPhysical,0,TeahouseDigital,0,TeahousePhysical,0,SumoRingDigital,0,SumoRingPhysical,0,ShrineSetDigital,0,ShrineSetPhysical,0,UltimateStoneWalls,0,UltimateStoneWalls1,0,UltimateWoodenWalls,0,UltimateWoodenWalls1,0,FarmhouseVariation1,0,FarmhouseSetDigital,0,ToriiSetDigital,0,FarmhouseVariation2,0,RuinedHutDigital,0,RuinedHutPhysical,0,FarmyardSetDigital,0,FarmyardSetPhysical,0,MarketStallsSet,0,MarketStallsSet1,0,Jasonhendricks88@gmail.com,Jason Hendricks,United States,"Not applicable to my pledge (Book, Boxset, Bonus Support)",$0.00,
105,1656022232,AceArtemis7,aceartemis7@gmail.com,N/A,$0.00,Petal on the Wind,$5.00,10532059,$0.00,$5.00,$0.00,$5.00,"2025/11/10, 23:19",false,false,Not provided,collected,,0,0,0,0,0,0,0,0,0,0,0,0,0,0,0,0,0,0,0,0,0,0,0,0,0,0,0,0,0,0,0,0,0,0,0,0,0,0,0,0,0,0,0,0,0,0,0,0,0,0,0,0,0,0,0,0,0,0,0,0,0,0,0,0,0,0,0,0,0,0,0,0,0,0,1,0,0,0,0,0,0,0,0,0,0,0,0,0,0,0,0,0,0,0,0,0,0,0,0,0,0,0,0,0,0,0,0,0,0,0,0,0,0,0,0,0,0,0,0,0,0,0,0,0,0,0,0,0,0,0,0,0,0,0,0,0,0,0,0,0,0,0,0,0,"2025/12/10, 20:40",Helen Febrie,2134 Sid Allens Dr,"",Buda,TX,78610-5153,United States,US,15127674579,,AccesstoAddons,1,ShoshinThePath,0,ShoshinThePath1,0,StarterClanDigital,0,StarterClanPhysical,0,YokaiSetDigital,0,YokaiSetPhysical,0,OniMiniatureDigital,0,OniMiniaturePhysical,0,KitsuneMiniatureDigital,0,KitsuneMiniaturePhysical,0,TanukiMiniatureDigital,0,TanukiMiniaturePhysical,0,TenguMiniatureDigital,0,TenguMiniaturePhysical,0,KappaMiniatureDigital,0,KappaMiniaturePhysical,0,YureiMiniatureDigital,0,YureiMiniaturePhysical,0,ItsumadeMiniatureDigital,0,ItsumadeMiniaturePhysical,0,AmeOnnaMiniature,0,AmeOnnaMiniature1,0,NureOnnaMiniature,0,NureOnnaMiniature1,0,JubokkuMiniatureDigital,0,JubokkuMiniaturePhysical,0,TsuchigumoMiniatureDigital,0,TsuchigumoMiniaturePhysical,0,GashadokuroMiniatureDigital,0,GashadokuroMiniaturePhysical,0,CastleDigital,0,CastlePhysical,0,UltimateCastleWalls,0,UltimateCastleWalls1,0,CastleGateTower,0,CastleGateTower1,0,CastleGateTower2,0,CastleGateTower3,0,LanternsSetDigital,0,LanternsSetPhysical,0,BridgesSetDigital,0,BridgesSetPhysical,0,PondsSetDigital,0,PondsSetPhysical,0,SmallToriiPhysical,0,LargeToriiPhysical,0,ZenGardenDigital,0,ZenGardenPhysical,0,TemplePagodaDigital,0,TemplePagodaPhysical,0,TeahouseDigital,0,TeahousePhysical,0,SumoRingDigital,0,SumoRingPhysical,0,ShrineSetDigital,0,ShrineSetPhysical,0,UltimateStoneWalls,0,UltimateStoneWalls1,0,UltimateWoodenWalls,0,UltimateWoodenWalls1,0,FarmhouseVariation1,0,FarmhouseSetDigital,0,ToriiSetDigital,0,FarmhouseVariation2,0,RuinedHutDigital,0,RuinedHutPhysical,0,FarmyardSetDigital,0,FarmyardSetPhysical,0,MarketStallsSet,0,MarketStallsSet1,0,aceartemis7@gmail.com,Helen Febrie,United States,"Not applicable to my pledge (Book, Boxset, Bonus Support)",$0.00,
108,2035415698,Rod Haller,rodhaller@gmail.com,US,$0.00,Path of Ascension,$89.00,10532079,$0.00,$89.00,$0.00,$89.00,"2025/11/13, 02:46",false,false,Not provided,collected,,0,0,0,0,0,0,0,0,0,0,0,0,0,0,0,0,0,0,0,0,0,0,0,0,0,0,0,0,0,0,0,0,0,0,0,0,0,0,0,0,0,0,0,0,0,0,0,0,0,0,0,0,0,0,0,0,0,0,0,0,0,0,0,0,0,0,0,0,0,0,0,0,0,0,1,0,1,0,0,0,0,0,0,0,0,0,0,0,0,0,0,0,0,0,0,0,0,0,0,0,0,0,0,0,0,0,0,0,0,0,0,0,0,0,0,0,0,0,0,0,0,0,0,0,0,0,0,0,0,0,0,0,0,0,0,0,0,0,0,0,0,0,0,0,"2025/12/10, 17:50",Rodney Matthew Haller,5491 N Tahan Ave,"",Fresno,CA,93711-2546,United States,US,7604203915,,AccesstoAddons,1,ShoshinThePath,0,ShoshinThePath1,1,StarterClanDigital,0,StarterClanPhysical,0,YokaiSetDigital,0,YokaiSetPhysical,0,OniMiniatureDigital,0,OniMiniaturePhysical,0,KitsuneMiniatureDigital,0,KitsuneMiniaturePhysical,0,TanukiMiniatureDigital,0,TanukiMiniaturePhysical,0,TenguMiniatureDigital,0,TenguMiniaturePhysical,0,KappaMiniatureDigital,0,KappaMiniaturePhysical,0,YureiMiniatureDigital,0,YureiMiniaturePhysical,0,ItsumadeMiniatureDigital,0,ItsumadeMiniaturePhysical,0,AmeOnnaMiniature,0,AmeOnnaMiniature1,0,NureOnnaMiniature,0,NureOnnaMiniature1,0,JubokkuMiniatureDigital,0,JubokkuMiniaturePhysical,0,TsuchigumoMiniatureDigital,0,TsuchigumoMiniaturePhysical,0,GashadokuroMiniatureDigital,0,GashadokuroMiniaturePhysical,0,CastleDigital,0,CastlePhysical,0,UltimateCastleWalls,0,UltimateCastleWalls1,0,CastleGateTower,0,CastleGateTower1,0,CastleGateTower2,0,CastleGateTower3,0,LanternsSetDigital,0,LanternsSetPhysical,0,BridgesSetDigital,0,BridgesSetPhysical,0,PondsSetDigital,0,PondsSetPhysical,0,SmallToriiPhysical,0,LargeToriiPhysical,0,ZenGardenDigital,0,ZenGardenPhysical,0,TemplePagodaDigital,0,TemplePagodaPhysical,0,TeahouseDigital,0,TeahousePhysical,0,SumoRingDigital,0,SumoRingPhysical,0,ShrineSetDigital,0,ShrineSetPhysical,0,UltimateStoneWalls,0,UltimateStoneWalls1,0,UltimateWoodenWalls,0,UltimateWoodenWalls1,0,FarmhouseVariation1,0,FarmhouseSetDigital,0,ToriiSetDigital,0,FarmhouseVariation2,0,RuinedHutDigital,0,RuinedHutPhysical,0,FarmyardSetDigital,0,FarmyardSetPhysical,0,MarketStallsSet,0,MarketStallsSet1,0,rodhaller@gmail.com,Rodney Haller,United States,Digital STL files only,$0.00,
109,791369485,Darren Ballard,darrenlballard@gmail.com,US,$0.00,Path of Ascension,$316.00,10532079,$0.00,$316.00,$105.34,$210.66,"2025/11/13, 15:03",false,true,Not provided,pledged,,0,1,1,0,1,0,0,1,0,0,1,0,0,0,0,0,1,0,0,0,0,0,0,0,0,1,1,0,0,0,0,1,0,0,0,0,0,0,0,0,1,1,1,1,0,0,0,0,0,0,0,0,0,1,0,0,0,0,0,0,0,0,0,0,0,0,0,0,0,0,0,0,0,0,1,0,1,4,0,0,0,0,1,1,0,1,0,0,1,0,0,1,0,0,0,0,0,1,0,0,0,0,0,0,0,0,1,1,0,0,0,0,1,0,0,0,0,0,0,0,0,0,0,0,0,0,0,0,0,0,1,0,0,0,0,0,0,0,0,0,0,0,0,0,"2025/12/10, 17:42",Darren Ballard,200 River Park Ln,,Georgetown,TX,78626-4616,United States,US,+15126399380,,AccesstoAddons,1,ShoshinThePath,0,ShoshinThePath1,1,StarterClanDigital,4,StarterClanPhysical,0,YokaiSetDigital,0,YokaiSetPhysical,0,OniMiniatureDigital,0,OniMiniaturePhysical,0,KitsuneMiniatureDigital,1,KitsuneMiniaturePhysical,0,TanukiMiniatureDigital,1,TanukiMiniaturePhysical,0,TenguMiniatureDigital,0,TenguMiniaturePhysical,0,KappaMiniatureDigital,1,KappaMiniaturePhysical,0,YureiMiniatureDigital,1,YureiMiniaturePhysical,0,ItsumadeMiniatureDigital,0,ItsumadeMiniaturePhysical,0,AmeOnnaMiniature,0,AmeOnnaMiniature1,0,NureOnnaMiniature,0,NureOnnaMiniature1,0,JubokkuMiniatureDigital,0,JubokkuMiniaturePhysical,0,TsuchigumoMiniatureDigital,0,TsuchigumoMiniaturePhysical,0,GashadokuroMiniatureDigital,0,GashadokuroMiniaturePhysical,0,CastleDigital,1,CastlePhysical,0,UltimateCastleWalls,1,UltimateCastleWalls1,0,CastleGateTower,1,CastleGateTower1,0,CastleGateTower2,1,CastleGateTower3,0,LanternsSetDigital,0,LanternsSetPhysical,0,BridgesSetDigital,0,BridgesSetPhysical,0,PondsSetDigital,0,PondsSetPhysical,0,SmallToriiPhysical,0,LargeToriiPhysical,0,ZenGardenDigital,0,ZenGardenPhysical,0,TemplePagodaDigital,1,TemplePagodaPhysical,0,TeahouseDigital,0,TeahousePhysical,0,SumoRingDigital,0,SumoRingPhysical,0,ShrineSetDigital,0,ShrineSetPhysical,0,UltimateStoneWalls,0,UltimateStoneWalls1,0,UltimateWoodenWalls,0,UltimateWoodenWalls1,0,FarmhouseVariation1,0,FarmhouseSetDigital,0,ToriiSetDigital,1,FarmhouseVariation2,0,RuinedHutDigital,0,RuinedHutPhysical,0,FarmyardSetDigital,0,FarmyardSetPhysical,0,MarketStallsSet,0,MarketStallsSet1,0,darrenlballard@gmail.com,,United States,Digital STL files only,,
110,1479147650,Christopher Payne,chrisjohnpayne@blueyonder.co.uk,GB,$0.00,Path of Ascension,$89.00,10532079,$0.00,$89.00,$0.00,$89.00,"2025/11/13, 19:41",false,false,Not provided,collected,,0,0,0,0,0,0,0,0,0,0,0,0,0,0,0,0,0,0,0,0,0,0,0,0,0,0,0,0,0,0,0,0,0,0,0,0,0,0,0,0,0,0,0,0,0,0,0,0,0,0,0,0,0,0,0,0,0,0,0,0,0,0,0,0,0,0,0,0,0,0,0,0,0,0,1,0,1,0,0,0,0,0,0,0,0,0,0,0,0,0,0,0,0,0,0,0,0,0,0,0,0,0,0,0,0,0,0,0,0,0,0,0,0,0,0,0,0,0,0,0,0,0,0,0,0,0,0,0,0,0,0,0,0,0,0,0,0,0,0,0,0,0,0,0,"2025/12/12, 18:28",Christopher Payne,36 Maple Road,"",Exeter,"",EX4 1BP,United Kingdom,GB,07989849053,,AccesstoAddons,1,ShoshinThePath,0,ShoshinThePath1,1,StarterClanDigital,0,StarterClanPhysical,0,YokaiSetDigital,0,YokaiSetPhysical,0,OniMiniatureDigital,0,OniMiniaturePhysical,0,KitsuneMiniatureDigital,0,KitsuneMiniaturePhysical,0,TanukiMiniatureDigital,0,TanukiMiniaturePhysical,0,TenguMiniatureDigital,0,TenguMiniaturePhysical,0,KappaMiniatureDigital,0,KappaMiniaturePhysical,0,YureiMiniatureDigital,0,YureiMiniaturePhysical,0,ItsumadeMiniatureDigital,0,ItsumadeMiniaturePhysical,0,AmeOnnaMiniature,0,AmeOnnaMiniature1,0,NureOnnaMiniature,0,NureOnnaMiniature1,0,JubokkuMiniatureDigital,0,JubokkuMiniaturePhysical,0,TsuchigumoMiniatureDigital,0,TsuchigumoMiniaturePhysical,0,GashadokuroMiniatureDigital,0,GashadokuroMiniaturePhysical,0,CastleDigital,0,CastlePhysical,0,UltimateCastleWalls,0,UltimateCastleWalls1,0,CastleGateTower,0,CastleGateTower1,0,CastleGateTower2,0,CastleGateTower3,0,LanternsSetDigital,0,LanternsSetPhysical,0,BridgesSetDigital,0,BridgesSetPhysical,0,PondsSetDigital,0,PondsSetPhysical,0,SmallToriiPhysical,0,LargeToriiPhysical,0,ZenGardenDigital,0,ZenGardenPhysical,0,TemplePagodaDigital,0,TemplePagodaPhysical,0,TeahouseDigital,0,TeahousePhysical,0,SumoRingDigital,0,SumoRingPhysical,0,ShrineSetDigital,0,ShrineSetPhysical,0,UltimateStoneWalls,0,UltimateStoneWalls1,0,UltimateWoodenWalls,0,UltimateWoodenWalls1,0,FarmhouseVariation1,0,FarmhouseSetDigital,0,ToriiSetDigital,0,FarmhouseVariation2,0,RuinedHutDigital,0,RuinedHutPhysical,0,FarmyardSetDigital,0,FarmyardSetPhysical,0,MarketStallsSet,0,MarketStallsSet1,0,chrisjohnpayne@blueyonder.co.uk,Christopher Payne,United Kingdom,"Not applicable to my pledge (Book, Boxset, Bonus Support)",$0.00,
111,1190575510,Gary F Graham,garyfg@gmail.com,US,$0.00,Oath of Honor - Digital,$130.00,10831485,$0.00,$130.00,$43.34,$86.66,"2025/11/14, 03:07",false,true,Not provided,pledged,,1,0,0,0,0,0,0,0,0,0,0,0,0,0,0,0,0,0,0,0,0,0,0,0,0,0,1,0,0,0,0,0,0,0,0,0,0,0,0,0,0,0,0,0,0,0,0,0,0,0,0,0,0,0,0,0,0,0,0,0,0,0,0,0,0,0,0,0,0,0,0,0,0,0,1,0,1,1,0,0,0,1,0,0,0,0,0,0,0,0,0,0,0,0,0,0,0,0,0,0,0,0,0,0,0,0,0,1,0,0,0,0,0,0,0,0,0,0,0,0,0,0,0,0,0,0,0,0,0,0,0,0,0,0,0,0,0,0,0,0,0,0,0,0,"2025/12/20, 13:46",Gary Graham,1356 W Valley Dr,,Lindon,UT,84042-1173,United States,US,+14354001434,,AccesstoAddons,1,ShoshinThePath,0,ShoshinThePath1,1,StarterClanDigital,1,StarterClanPhysical,0,YokaiSetDigital,0,YokaiSetPhysical,0,OniMiniatureDigital,0,OniMiniaturePhysical,0,KitsuneMiniatureDigital,0,KitsuneMiniaturePhysical,0,TanukiMiniatureDigital,0,TanukiMiniaturePhysical,0,TenguMiniatureDigital,0,TenguMiniaturePhysical,0,KappaMiniatureDigital,0,KappaMiniaturePhysical,0,YureiMiniatureDigital,0,YureiMiniaturePhysical,0,ItsumadeMiniatureDigital,0,ItsumadeMiniaturePhysical,0,AmeOnnaMiniature,0,AmeOnnaMiniature1,0,NureOnnaMiniature,0,NureOnnaMiniature1,0,JubokkuMiniatureDigital,0,JubokkuMiniaturePhysical,0,TsuchigumoMiniatureDigital,0,TsuchigumoMiniaturePhysical,0,GashadokuroMiniatureDigital,0,GashadokuroMiniaturePhysical,0,CastleDigital,0,CastlePhysical,0,UltimateCastleWalls,1,UltimateCastleWalls1,0,CastleGateTower,0,CastleGateTower1,0,CastleGateTower2,0,CastleGateTower3,0,LanternsSetDigital,1,LanternsSetPhysical,0,BridgesSetDigital,0,BridgesSetPhysical,0,PondsSetDigital,0,PondsSetPhysical,0,SmallToriiPhysical,0,LargeToriiPhysical,0,ZenGardenDigital,0,ZenGardenPhysical,0,TemplePagodaDigital,0,TemplePagodaPhysical,0,TeahouseDigital,0,TeahousePhysical,0,SumoRingDigital,0,SumoRingPhysical,0,ShrineSetDigital,0,ShrineSetPhysical,0,UltimateStoneWalls,0,UltimateStoneWalls1,0,UltimateWoodenWalls,0,UltimateWoodenWalls1,0,FarmhouseVariation1,0,FarmhouseSetDigital,0,ToriiSetDigital,0,FarmhouseVariation2,0,RuinedHutDigital,0,RuinedHutPhysical,0,FarmyardSetDigital,0,FarmyardSetPhysical,0,MarketStallsSet,0,MarketStallsSet1,0,,,United States,Digital STL files only,,
112,465606797,C.Westerduin,coen.westerduin@outlook.com,FI,$0.00,Petal on the Wind (Physical),$142.00,10875291,$0.00,$142.00,$0.00,$142.00,"2025/11/14, 08:02",false,false,Not provided,collected,,0,0,0,0,0,0,0,0,0,0,0,0,0,0,0,0,0,0,0,0,0,1,0,0,0,0,0,1,0,0,0,0,1,0,0,0,0,0,1,0,0,0,0,0,0,0,0,0,0,0,0,0,0,0,0,0,0,1,0,0,0,0,0,0,0,0,0,0,0,0,0,0,0,0,1,0,0,0,0,0,0,0,0,0,0,0,0,0,0,0,0,0,0,0,0,0,0,0,0,0,0,0,1,0,0,0,0,0,1,0,0,0,0,1,0,0,0,0,0,4,0,0,0,0,0,0,0,0,0,0,0,0,0,0,1,0,0,0,0,0,0,0,0,0,"2025/12/10, 19:29",Coen Westerduin,Kaitoväylä 36 B 13,"",Oulu,Pohjois-Pohjanmaa,90570,Finland,FI,+358465370170,,AccesstoAddons,1,ShoshinThePath,0,ShoshinThePath1,0,StarterClanDigital,0,StarterClanPhysical,0,YokaiSetDigital,0,YokaiSetPhysical,0,OniMiniatureDigital,0,OniMiniaturePhysical,0,KitsuneMiniatureDigital,0,KitsuneMiniaturePhysical,1,TanukiMiniatureDigital,0,TanukiMiniaturePhysical,1,TenguMiniatureDigital,0,TenguMiniaturePhysical,1,KappaMiniatureDigital,0,KappaMiniaturePhysical,4,YureiMiniatureDigital,0,YureiMiniaturePhysical,0,ItsumadeMiniatureDigital,0,ItsumadeMiniaturePhysical,0,AmeOnnaMiniature,0,AmeOnnaMiniature1,0,NureOnnaMiniature,0,NureOnnaMiniature1,0,JubokkuMiniatureDigital,0,JubokkuMiniaturePhysical,0,TsuchigumoMiniatureDigital,0,TsuchigumoMiniaturePhysical,0,GashadokuroMiniatureDigital,0,GashadokuroMiniaturePhysical,1,CastleDigital,0,CastlePhysical,0,UltimateCastleWalls,0,UltimateCastleWalls1,0,CastleGateTower,0,CastleGateTower1,0,CastleGateTower2,0,CastleGateTower3,0,LanternsSetDigital,0,LanternsSetPhysical,0,BridgesSetDigital,0,BridgesSetPhysical,0,PondsSetDigital,0,PondsSetPhysical,0,SmallToriiPhysical,0,LargeToriiPhysical,0,ZenGardenDigital,0,ZenGardenPhysical,0,TemplePagodaDigital,0,TemplePagodaPhysical,0,TeahouseDigital,0,TeahousePhysical,0,SumoRingDigital,0,SumoRingPhysical,0,ShrineSetDigital,0,ShrineSetPhysical,0,UltimateStoneWalls,0,UltimateStoneWalls1,0,UltimateWoodenWalls,0,UltimateWoodenWalls1,0,FarmhouseVariation1,0,FarmhouseSetDigital,0,ToriiSetDigital,0,FarmhouseVariation2,0,RuinedHutDigital,0,RuinedHutPhysical,0,FarmyardSetDigital,0,FarmyardSetPhysical,0,MarketStallsSet,0,MarketStallsSet1,0,,,European Union,Physical miniatures only,$0.00,
113,1428023663,Ralph schneider,xcavtroop@msn.com,US,$0.00,Heaven's Will - Digital,$294.00,10831505,$0.00,$294.00,$0.00,$294.00,"2025/11/14, 16:19",false,false,Not provided,collected,,0,0,0,0,0,0,0,0,0,0,0,0,0,0,0,0,0,0,0,0,0,0,0,0,0,0,0,0,0,0,0,0,0,0,0,0,0,0,0,0,0,0,0,0,0,0,0,0,0,0,0,0,0,0,0,0,0,0,0,0,0,0,0,0,0,0,0,0,0,0,0,0,0,0,1,0,1,4,0,1,0,0,0,0,0,0,0,0,0,0,0,0,0,0,0,0,0,0,0,0,0,0,0,0,0,0,0,0,0,0,0,0,0,0,0,0,0,0,0,0,0,0,0,0,0,0,0,0,0,0,0,0,0,0,0,0,0,0,0,0,0,0,0,0,"2025/12/10, 17:37",Ralph Schneider,3 Jarvis Ln,"",Center Moriches,NY,11934-3602,United States,US,6317742752,,AccesstoAddons,1,ShoshinThePath,0,ShoshinThePath1,1,StarterClanDigital,4,StarterClanPhysical,0,YokaiSetDigital,1,YokaiSetPhysical,0,OniMiniatureDigital,0,OniMiniaturePhysical,0,KitsuneMiniatureDigital,0,KitsuneMiniaturePhysical,0,TanukiMiniatureDigital,0,TanukiMiniaturePhysical,0,TenguMiniatureDigital,0,TenguMiniaturePhysical,0,KappaMiniatureDigital,0,KappaMiniaturePhysical,0,YureiMiniatureDigital,0,YureiMiniaturePhysical,0,ItsumadeMiniatureDigital,0,ItsumadeMiniaturePhysical,0,AmeOnnaMiniature,0,AmeOnnaMiniature1,0,NureOnnaMiniature,0,NureOnnaMiniature1,0,JubokkuMiniatureDigital,0,JubokkuMiniaturePhysical,0,TsuchigumoMiniatureDigital,0,TsuchigumoMiniaturePhysical,0,GashadokuroMiniatureDigital,0,GashadokuroMiniaturePhysical,0,CastleDigital,0,CastlePhysical,0,UltimateCastleWalls,0,UltimateCastleWalls1,0,CastleGateTower,0,CastleGateTower1,0,CastleGateTower2,0,CastleGateTower3,0,LanternsSetDigital,0,LanternsSetPhysical,0,BridgesSetDigital,0,BridgesSetPhysical,0,PondsSetDigital,0,PondsSetPhysical,0,SmallToriiPhysical,0,LargeToriiPhysical,0,ZenGardenDigital,0,ZenGardenPhysical,0,TemplePagodaDigital,0,TemplePagodaPhysical,0,TeahouseDigital,0,TeahousePhysical,0,SumoRingDigital,0,SumoRingPhysical,0,ShrineSetDigital,0,ShrineSetPhysical,0,UltimateStoneWalls,0,UltimateStoneWalls1,0,UltimateWoodenWalls,0,UltimateWoodenWalls1,0,FarmhouseVariation1,0,FarmhouseSetDigital,0,ToriiSetDigital,0,FarmhouseVariation2,0,RuinedHutDigital,0,RuinedHutPhysical,0,FarmyardSetDigital,0,FarmyardSetPhysical,0,MarketStallsSet,0,MarketStallsSet1,0,,,United States,Both digital and physical,$0.00,
114,543121064,Dave Shields Jr.,dshieldsjr2000@yahoo.com,US,$0.00,Oath of Honor - Physical,$173.00,10831489,$0.00,$173.00,$57.68,$115.32,"2025/11/15, 03:08",false,true,Not provided,pledged,,0,0,0,0,0,0,0,0,0,0,0,0,0,0,0,0,0,0,0,0,0,0,0,0,0,0,0,0,0,0,0,0,0,0,0,0,0,0,0,0,0,0,0,0,0,0,0,0,0,0,0,0,0,0,0,0,0,0,0,0,0,0,0,0,0,0,0,0,0,0,0,0,0,0,1,0,1,0,1,0,0,0,0,0,0,0,0,0,0,0,0,0,0,0,0,0,0,0,0,0,0,0,0,0,0,0,0,0,0,0,0,0,0,0,0,0,0,0,0,0,0,0,0,0,0,0,0,0,0,0,0,0,0,0,0,0,0,0,0,0,0,0,0,0,"2025/12/10, 20:51",Dave Graf von Schields Jr,107 Silent Run Rd,East Prussian Game Company,Pittsburgh,PA,15238-2115,United States,US,+14125983880,,AccesstoAddons,1,ShoshinThePath,0,ShoshinThePath1,1,StarterClanDigital,0,StarterClanPhysical,1,YokaiSetDigital,0,YokaiSetPhysical,0,OniMiniatureDigital,0,OniMiniaturePhysical,0,KitsuneMiniatureDigital,0,KitsuneMiniaturePhysical,0,TanukiMiniatureDigital,0,TanukiMiniaturePhysical,0,TenguMiniatureDigital,0,TenguMiniaturePhysical,0,KappaMiniatureDigital,0,KappaMiniaturePhysical,0,YureiMiniatureDigital,0,YureiMiniaturePhysical,0,ItsumadeMiniatureDigital,0,ItsumadeMiniaturePhysical,0,AmeOnnaMiniature,0,AmeOnnaMiniature1,0,NureOnnaMiniature,0,NureOnnaMiniature1,0,JubokkuMiniatureDigital,0,JubokkuMiniaturePhysical,0,TsuchigumoMiniatureDigital,0,TsuchigumoMiniaturePhysical,0,GashadokuroMiniatureDigital,0,GashadokuroMiniaturePhysical,0,CastleDigital,0,CastlePhysical,0,UltimateCastleWalls,0,UltimateCastleWalls1,0,CastleGateTower,0,CastleGateTower1,0,CastleGateTower2,0,CastleGateTower3,0,LanternsSetDigital,0,LanternsSetPhysical,0,BridgesSetDigital,0,BridgesSetPhysical,0,PondsSetDigital,0,PondsSetPhysical,0,SmallToriiPhysical,0,LargeToriiPhysical,0,ZenGardenDigital,0,ZenGardenPhysical,0,TemplePagodaDigital,0,TemplePagodaPhysical,0,TeahouseDigital,0,TeahousePhysical,0,SumoRingDigital,0,SumoRingPhysical,0,ShrineSetDigital,0,ShrineSetPhysical,0,UltimateStoneWalls,0,UltimateStoneWalls1,0,UltimateWoodenWalls,0,UltimateWoodenWalls1,0,FarmhouseVariation1,0,FarmhouseSetDigital,0,ToriiSetDigital,0,FarmhouseVariation2,0,RuinedHutDigital,0,RuinedHutPhysical,0,FarmyardSetDigital,0,FarmyardSetPhysical,0,MarketStallsSet,0,MarketStallsSet1,0,dshieldsjr2000@yahoo.com,Dave Graf von Schields Jr.,United States,Both digital and physical,,
115,1437658790,Anthony Warren,circle7@live.com,N/A,$0.00,,,,$10.00,$10.00,$0.00,$10.00,"2025/11/15, 05:30",false,false,Not available,collected,,0,0,0,0,0,0,0,0,0,0,0,0,0,0,0,0,0,0,0,0,0,0,0,0,0,0,0,0,0,0,0,0,0,0,0,0,0,0,0,0,0,0,0,0,0,0,0,0,0,0,0,0,0,0,0,0,0,0,0,0,0,0,0,0,0,0,0,0,0,0,0,0,0,0,0,0,0,0,0,0,0,0,0,0,0,0,0,0,0,0,0,0,0,0,0,0,0,0,0,0,0,0,0,0,0,0,0,0,0,0,0,0,0,0,0,0,0,0,0,0,0,0,0,0,0,0,0,0,0,0,0,0,0,0,0,0,0,0,0,0,0,0,0,0,,Anthony Warren,,,,,,,,,,AccesstoAddons,,ShoshinThePath,,ShoshinThePath1,,StarterClanDigital,,StarterClanPhysical,,YokaiSetDigital,,YokaiSetPhysical,,OniMiniatureDigital,,OniMiniaturePhysical,,KitsuneMiniatureDigital,,KitsuneMiniaturePhysical,,TanukiMiniatureDigital,,TanukiMiniaturePhysical,,TenguMiniatureDigital,,TenguMiniaturePhysical,,KappaMiniatureDigital,,KappaMiniaturePhysical,,YureiMiniatureDigital,,YureiMiniaturePhysical,,ItsumadeMiniatureDigital,,ItsumadeMiniaturePhysical,,AmeOnnaMiniature,,AmeOnnaMiniature1,,NureOnnaMiniature,,NureOnnaMiniature1,,JubokkuMiniatureDigital,,JubokkuMiniaturePhysical,,TsuchigumoMiniatureDigital,,TsuchigumoMiniaturePhysical,,GashadokuroMiniatureDigital,,GashadokuroMiniaturePhysical,,CastleDigital,,CastlePhysical,,UltimateCastleWalls,,UltimateCastleWalls1,,CastleGateTower,,CastleGateTower1,,CastleGateTower2,,CastleGateTower3,,LanternsSetDigital,,LanternsSetPhysical,,BridgesSetDigital,,BridgesSetPhysical,,PondsSetDigital,,PondsSetPhysical,,SmallToriiPhysical,,LargeToriiPhysical,,ZenGardenDigital,,ZenGardenPhysical,,TemplePagodaDigital,,TemplePagodaPhysical,,TeahouseDigital,,TeahousePhysical,,SumoRingDigital,,SumoRingPhysical,,ShrineSetDigital,,ShrineSetPhysical,,UltimateStoneWalls,,UltimateStoneWalls1,,UltimateWoodenWalls,,UltimateWoodenWalls1,,FarmhouseVariation1,,FarmhouseSetDigital,,ToriiSetDigital,,FarmhouseVariation2,,RuinedHutDigital,,RuinedHutPhysical,,FarmyardSetDigital,,FarmyardSetPhysical,,MarketStallsSet,,MarketStallsSet1,,,,,,$0.00,
116,679514046,michael carus,Casadelcarus@gmail.com,US,$0.00,Heaven's Will - Digital,$603.00,10831505,$0.00,$603.00,$0.00,$603.00,"2025/11/15, 20:33",false,false,Not provided,collected,,1,1,1,1,1,1,1,1,1,1,1,1,1,1,1,1,1,1,1,1,1,1,1,1,1,1,1,1,1,1,1,0,0,0,1,0,1,1,0,0,0,0,0,0,0,0,0,0,0,0,0,0,0,1,0,0,0,0,0,0,0,0,0,0,0,0,0,0,0,0,0,0,0,0,1,0,1,4,0,1,0,1,1,1,1,1,1,1,1,1,1,1,1,1,1,1,1,1,1,1,1,1,1,1,1,1,1,1,1,1,1,1,0,0,0,1,0,1,1,0,0,0,0,0,0,0,0,0,0,0,1,0,0,0,0,0,0,0,0,0,0,0,0,0,,michael carus,,,,,,,,,,AccesstoAddons,,ShoshinThePath,,ShoshinThePath1,,StarterClanDigital,,StarterClanPhysical,,YokaiSetDigital,,YokaiSetPhysical,,OniMiniatureDigital,,OniMiniaturePhysical,,KitsuneMiniatureDigital,,KitsuneMiniaturePhysical,,TanukiMiniatureDigital,,TanukiMiniaturePhysical,,TenguMiniatureDigital,,TenguMiniaturePhysical,,KappaMiniatureDigital,,KappaMiniaturePhysical,,YureiMiniatureDigital,,YureiMiniaturePhysical,,ItsumadeMiniatureDigital,,ItsumadeMiniaturePhysical,,AmeOnnaMiniature,,AmeOnnaMiniature1,,NureOnnaMiniature,,NureOnnaMiniature1,,JubokkuMiniatureDigital,,JubokkuMiniaturePhysical,,TsuchigumoMiniatureDigital,,TsuchigumoMiniaturePhysical,,GashadokuroMiniatureDigital,,GashadokuroMiniaturePhysical,,CastleDigital,,CastlePhysical,,UltimateCastleWalls,,UltimateCastleWalls1,,CastleGateTower,,CastleGateTower1,,CastleGateTower2,,CastleGateTower3,,LanternsSetDigital,,LanternsSetPhysical,,BridgesSetDigital,,BridgesSetPhysical,,PondsSetDigital,,PondsSetPhysical,,SmallToriiPhysical,,LargeToriiPhysical,,ZenGardenDigital,,ZenGardenPhysical,,TemplePagodaDigital,,TemplePagodaPhysical,,TeahouseDigital,,TeahousePhysical,,SumoRingDigital,,SumoRingPhysical,,ShrineSetDigital,,ShrineSetPhysical,,UltimateStoneWalls,,UltimateStoneWalls1,,UltimateWoodenWalls,,UltimateWoodenWalls1,,FarmhouseVariation1,,FarmhouseSetDigital,,ToriiSetDigital,,FarmhouseVariation2,,RuinedHutDigital,,RuinedHutPhysical,,FarmyardSetDigital,,FarmyardSetPhysical,,MarketStallsSet,,MarketStallsSet1,,,,,,$0.00,
117,1893915558,Harley Stroh,harley@goodman-games.com,N/A,$0.00,Petal on the Wind,$5.00,10532059,$0.00,$5.00,$0.00,$5.00,"2025/11/15, 21:25",false,false,Not provided,collected,,0,0,0,0,0,0,0,0,0,0,0,0,0,0,0,0,0,0,0,0,0,0,0,0,0,0,0,0,0,0,0,0,0,0,0,0,0,0,0,0,0,0,0,0,0,0,0,0,0,0,0,0,0,0,0,0,0,0,0,0,0,0,0,0,0,0,0,0,0,0,0,0,0,0,1,0,0,0,0,0,0,0,0,0,0,0,0,0,0,0,0,0,0,0,0,0,0,0,0,0,0,0,0,0,0,0,0,0,0,0,0,0,0,0,0,0,0,0,0,0,0,0,0,0,0,0,0,0,0,0,0,0,0,0,0,0,0,0,0,0,0,0,0,0,"2025/12/10, 20:35",Harley Stroh,313 Cleveland Pl,"",Carbondale,CO,81623-6600,United States,US,9709631960,,AccesstoAddons,1,ShoshinThePath,0,ShoshinThePath1,0,StarterClanDigital,0,StarterClanPhysical,0,YokaiSetDigital,0,YokaiSetPhysical,0,OniMiniatureDigital,0,OniMiniaturePhysical,0,KitsuneMiniatureDigital,0,KitsuneMiniaturePhysical,0,TanukiMiniatureDigital,0,TanukiMiniaturePhysical,0,TenguMiniatureDigital,0,TenguMiniaturePhysical,0,KappaMiniatureDigital,0,KappaMiniaturePhysical,0,YureiMiniatureDigital,0,YureiMiniaturePhysical,0,ItsumadeMiniatureDigital,0,ItsumadeMiniaturePhysical,0,AmeOnnaMiniature,0,AmeOnnaMiniature1,0,NureOnnaMiniature,0,NureOnnaMiniature1,0,JubokkuMiniatureDigital,0,JubokkuMiniaturePhysical,0,TsuchigumoMiniatureDigital,0,TsuchigumoMiniaturePhysical,0,GashadokuroMiniatureDigital,0,GashadokuroMiniaturePhysical,0,CastleDigital,0,CastlePhysical,0,UltimateCastleWalls,0,UltimateCastleWalls1,0,CastleGateTower,0,CastleGateTower1,0,CastleGateTower2,0,CastleGateTower3,0,LanternsSetDigital,0,LanternsSetPhysical,0,BridgesSetDigital,0,BridgesSetPhysical,0,PondsSetDigital,0,PondsSetPhysical,0,SmallToriiPhysical,0,LargeToriiPhysical,0,ZenGardenDigital,0,ZenGardenPhysical,0,TemplePagodaDigital,0,TemplePagodaPhysical,0,TeahouseDigital,0,TeahousePhysical,0,SumoRingDigital,0,SumoRingPhysical,0,ShrineSetDigital,0,ShrineSetPhysical,0,UltimateStoneWalls,0,UltimateStoneWalls1,0,UltimateWoodenWalls,0,UltimateWoodenWalls1,0,FarmhouseVariation1,0,FarmhouseSetDigital,0,ToriiSetDigital,0,FarmhouseVariation2,0,RuinedHutDigital,0,RuinedHutPhysical,0,FarmyardSetDigital,0,FarmyardSetPhysical,0,MarketStallsSet,0,MarketStallsSet1,0,harley@goodman-games.com,Harley Stroh,United States,Digital STL files only,$0.00,
118,25787335,James Stuht,Jlstuht@charter.net,US,$0.00,Path of Ascension,$89.00,10532079,$0.00,$89.00,$0.00,$89.00,"2025/11/15, 23:00",false,false,Not provided,collected,,0,0,0,0,0,0,0,0,0,0,0,0,0,0,0,0,0,0,0,0,0,0,0,0,0,0,0,0,0,0,0,0,0,0,0,0,0,0,0,0,0,0,0,0,0,0,0,0,0,0,0,0,0,0,0,0,0,0,0,0,0,0,0,0,0,0,0,0,0,0,0,0,0,0,1,0,1,0,0,0,0,0,0,0,0,0,0,0,0,0,0,0,0,0,0,0,0,0,0,0,0,0,0,0,0,0,0,0,0,0,0,0,0,0,0,0,0,0,0,0,0,0,0,0,0,0,0,0,0,0,0,0,0,0,0,0,0,0,0,0,0,0,0,0,"2025/12/10, 18:12",Jim Stuht,9 S Whitney Way,"",Madison,WI,53705-4601,United States,US,1-608-443-9586,,AccesstoAddons,1,ShoshinThePath,0,ShoshinThePath1,1,StarterClanDigital,0,StarterClanPhysical,0,YokaiSetDigital,0,YokaiSetPhysical,0,OniMiniatureDigital,0,OniMiniaturePhysical,0,KitsuneMiniatureDigital,0,KitsuneMiniaturePhysical,0,TanukiMiniatureDigital,0,TanukiMiniaturePhysical,0,TenguMiniatureDigital,0,TenguMiniaturePhysical,0,KappaMiniatureDigital,0,KappaMiniaturePhysical,0,YureiMiniatureDigital,0,YureiMiniaturePhysical,0,ItsumadeMiniatureDigital,0,ItsumadeMiniaturePhysical,0,AmeOnnaMiniature,0,AmeOnnaMiniature1,0,NureOnnaMiniature,0,NureOnnaMiniature1,0,JubokkuMiniatureDigital,0,JubokkuMiniaturePhysical,0,TsuchigumoMiniatureDigital,0,TsuchigumoMiniaturePhysical,0,GashadokuroMiniatureDigital,0,GashadokuroMiniaturePhysical,0,CastleDigital,0,CastlePhysical,0,UltimateCastleWalls,0,UltimateCastleWalls1,0,CastleGateTower,0,CastleGateTower1,0,CastleGateTower2,0,CastleGateTower3,0,LanternsSetDigital,0,LanternsSetPhysical,0,BridgesSetDigital,0,BridgesSetPhysical,0,PondsSetDigital,0,PondsSetPhysical,0,SmallToriiPhysical,0,LargeToriiPhysical,0,ZenGardenDigital,0,ZenGardenPhysical,0,TemplePagodaDigital,0,TemplePagodaPhysical,0,TeahouseDigital,0,TeahousePhysical,0,SumoRingDigital,0,SumoRingPhysical,0,ShrineSetDigital,0,ShrineSetPhysical,0,UltimateStoneWalls,0,UltimateStoneWalls1,0,UltimateWoodenWalls,0,UltimateWoodenWalls1,0,FarmhouseVariation1,0,FarmhouseSetDigital,0,ToriiSetDigital,0,FarmhouseVariation2,0,RuinedHutDigital,0,RuinedHutPhysical,0,FarmyardSetDigital,0,FarmyardSetPhysical,0,MarketStallsSet,0,MarketStallsSet1,0,Jlstuht@charter.net,James Stuht,United States,Physical miniatures only,$0.00,
119,1570003461,Peiter Garrison,demonsloveroses@yahoo.com,N/A,$0.00,Petal on the Wind,$5.00,10532059,$0.00,$5.00,$0.00,$5.00,"2025/11/16, 12:32",false,false,Not provided,collected,,0,0,0,0,0,0,0,0,0,0,0,0,0,0,0,0,0,0,0,0,0,0,0,0,0,0,0,0,0,0,0,0,0,0,0,0,0,0,0,0,0,0,0,0,0,0,0,0,0,0,0,0,0,0,0,0,0,0,0,0,0,0,0,0,0,0,0,0,0,0,0,0,0,0,1,0,0,0,0,0,0,0,0,0,0,0,0,0,0,0,0,0,0,0,0,0,0,0,0,0,0,0,0,0,0,0,0,0,0,0,0,0,0,0,0,0,0,0,0,0,0,0,0,0,0,0,0,0,0,0,0,0,0,0,0,0,0,0,0,0,0,0,0,0,,Peiter Garrison,,,,,,,,,,AccesstoAddons,,ShoshinThePath,,ShoshinThePath1,,StarterClanDigital,,StarterClanPhysical,,YokaiSetDigital,,YokaiSetPhysical,,OniMiniatureDigital,,OniMiniaturePhysical,,KitsuneMiniatureDigital,,KitsuneMiniaturePhysical,,TanukiMiniatureDigital,,TanukiMiniaturePhysical,,TenguMiniatureDigital,,TenguMiniaturePhysical,,KappaMiniatureDigital,,KappaMiniaturePhysical,,YureiMiniatureDigital,,YureiMiniaturePhysical,,ItsumadeMiniatureDigital,,ItsumadeMiniaturePhysical,,AmeOnnaMiniature,,AmeOnnaMiniature1,,NureOnnaMiniature,,NureOnnaMiniature1,,JubokkuMiniatureDigital,,JubokkuMiniaturePhysical,,TsuchigumoMiniatureDigital,,TsuchigumoMiniaturePhysical,,GashadokuroMiniatureDigital,,GashadokuroMiniaturePhysical,,CastleDigital,,CastlePhysical,,UltimateCastleWalls,,UltimateCastleWalls1,,CastleGateTower,,CastleGateTower1,,CastleGateTower2,,CastleGateTower3,,LanternsSetDigital,,LanternsSetPhysical,,BridgesSetDigital,,BridgesSetPhysical,,PondsSetDigital,,PondsSetPhysical,,SmallToriiPhysical,,LargeToriiPhysical,,ZenGardenDigital,,ZenGardenPhysical,,TemplePagodaDigital,,TemplePagodaPhysical,,TeahouseDigital,,TeahousePhysical,,SumoRingDigital,,SumoRingPhysical,,ShrineSetDigital,,ShrineSetPhysical,,UltimateStoneWalls,,UltimateStoneWalls1,,UltimateWoodenWalls,,UltimateWoodenWalls1,,FarmhouseVariation1,,FarmhouseSetDigital,,ToriiSetDigital,,FarmhouseVariation2,,RuinedHutDigital,,RuinedHutPhysical,,FarmyardSetDigital,,FarmyardSetPhysical,,MarketStallsSet,,MarketStallsSet1,,,,,,$0.00,
120,808909509,Dylan Clark,adylanclark@gmail.com,US,$0.00,Path of Ascension,$89.00,10532079,$0.00,$89.00,$0.00,$89.00,"2025/11/16, 14:10",false,false,Not provided,collected,,0,0,0,0,0,0,0,0,0,0,0,0,0,0,0,0,0,0,0,0,0,0,0,0,0,0,0,0,0,0,0,0,0,0,0,0,0,0,0,0,0,0,0,0,0,0,0,0,0,0,0,0,0,0,0,0,0,0,0,0,0,0,0,0,0,0,0,0,0,0,0,0,0,0,1,0,1,0,0,0,0,0,0,0,0,0,0,0,0,0,0,0,0,0,0,0,0,0,0,0,0,0,0,0,0,0,0,0,0,0,0,0,0,0,0,0,0,0,0,0,0,0,0,0,0,0,0,0,0,0,0,0,0,0,0,0,0,0,0,0,0,0,0,0,"2025/12/12, 04:38",Dylan Clark,6315 Kalee Dr,,Amarillo,TX,79109-5107,United States,US,+18063825130,,AccesstoAddons,1,ShoshinThePath,0,ShoshinThePath1,1,StarterClanDigital,0,StarterClanPhysical,0,YokaiSetDigital,0,YokaiSetPhysical,0,OniMiniatureDigital,0,OniMiniaturePhysical,0,KitsuneMiniatureDigital,0,KitsuneMiniaturePhysical,0,TanukiMiniatureDigital,0,TanukiMiniaturePhysical,0,TenguMiniatureDigital,0,TenguMiniaturePhysical,0,KappaMiniatureDigital,0,KappaMiniaturePhysical,0,YureiMiniatureDigital,0,YureiMiniaturePhysical,0,ItsumadeMiniatureDigital,0,ItsumadeMiniaturePhysical,0,AmeOnnaMiniature,0,AmeOnnaMiniature1,0,NureOnnaMiniature,0,NureOnnaMiniature1,0,JubokkuMiniatureDigital,0,JubokkuMiniaturePhysical,0,TsuchigumoMiniatureDigital,0,TsuchigumoMiniaturePhysical,0,GashadokuroMiniatureDigital,0,GashadokuroMiniaturePhysical,0,CastleDigital,0,CastlePhysical,0,UltimateCastleWalls,0,UltimateCastleWalls1,0,CastleGateTower,0,CastleGateTower1,0,CastleGateTower2,0,CastleGateTower3,0,LanternsSetDigital,0,LanternsSetPhysical,0,BridgesSetDigital,0,BridgesSetPhysical,0,PondsSetDigital,0,PondsSetPhysical,0,SmallToriiPhysical,0,LargeToriiPhysical,0,ZenGardenDigital,0,ZenGardenPhysical,0,TemplePagodaDigital,0,TemplePagodaPhysical,0,TeahouseDigital,0,TeahousePhysical,0,SumoRingDigital,0,SumoRingPhysical,0,ShrineSetDigital,0,ShrineSetPhysical,0,UltimateStoneWalls,0,UltimateStoneWalls1,0,UltimateWoodenWalls,0,UltimateWoodenWalls1,0,FarmhouseVariation1,0,FarmhouseSetDigital,0,ToriiSetDigital,0,FarmhouseVariation2,0,RuinedHutDigital,0,RuinedHutPhysical,0,FarmyardSetDigital,0,FarmyardSetPhysical,0,MarketStallsSet,0,MarketStallsSet1,0,adylanclark@gmail.com,Dylan Clark,United States,"Not applicable to my pledge (Book, Boxset, Bonus Support)",$0.00,
121,1262968373,Brian Welcher,brian.welcher@ns.sympatico.ca,CA,$0.00,Beginner's Mind,$106.00,10532073,$0.00,$106.00,$0.00,$106.00,"2025/11/17, 01:38",false,false,Not provided,collected,,0,0,0,0,0,0,0,0,0,0,0,0,0,0,0,1,1,0,1,0,0,0,0,0,0,1,1,0,0,0,0,1,0,0,0,0,0,0,0,0,0,0,0,0,0,0,0,0,0,0,0,0,0,0,0,0,0,0,0,0,0,0,0,0,0,0,0,0,0,0,0,0,0,0,1,1,0,0,0,0,0,0,0,0,0,0,0,0,0,0,0,0,0,0,0,0,1,1,0,1,0,0,0,0,0,0,1,1,0,0,0,0,1,0,0,0,0,0,0,0,0,0,0,0,0,0,0,0,0,0,0,0,0,0,0,0,0,0,0,0,0,0,0,0,"2025/12/10, 21:24",Brian,13 Raymond Drive,"",Lower Sackville,NS,B4C 1G9,Canada,CA,19022290947,,AccesstoAddons,1,ShoshinThePath,1,ShoshinThePath1,0,StarterClanDigital,0,StarterClanPhysical,0,YokaiSetDigital,0,YokaiSetPhysical,0,OniMiniatureDigital,0,OniMiniaturePhysical,0,KitsuneMiniatureDigital,0,KitsuneMiniaturePhysical,0,TanukiMiniatureDigital,0,TanukiMiniaturePhysical,0,TenguMiniatureDigital,0,TenguMiniaturePhysical,0,KappaMiniatureDigital,0,KappaMiniaturePhysical,0,YureiMiniatureDigital,0,YureiMiniaturePhysical,0,ItsumadeMiniatureDigital,0,ItsumadeMiniaturePhysical,0,AmeOnnaMiniature,0,AmeOnnaMiniature1,0,NureOnnaMiniature,0,NureOnnaMiniature1,0,JubokkuMiniatureDigital,0,JubokkuMiniaturePhysical,0,TsuchigumoMiniatureDigital,0,TsuchigumoMiniaturePhysical,0,GashadokuroMiniatureDigital,0,GashadokuroMiniaturePhysical,0,CastleDigital,0,CastlePhysical,0,UltimateCastleWalls,1,UltimateCastleWalls1,0,CastleGateTower,1,CastleGateTower1,0,CastleGateTower2,1,CastleGateTower3,0,LanternsSetDigital,0,LanternsSetPhysical,0,BridgesSetDigital,0,BridgesSetPhysical,0,PondsSetDigital,1,PondsSetPhysical,0,SmallToriiPhysical,0,LargeToriiPhysical,0,ZenGardenDigital,0,ZenGardenPhysical,0,TemplePagodaDigital,1,TemplePagodaPhysical,0,TeahouseDigital,0,TeahousePhysical,0,SumoRingDigital,0,SumoRingPhysical,0,ShrineSetDigital,0,ShrineSetPhysical,0,UltimateStoneWalls,1,UltimateStoneWalls1,0,UltimateWoodenWalls,0,UltimateWoodenWalls1,0,FarmhouseVariation1,0,FarmhouseSetDigital,0,ToriiSetDigital,0,FarmhouseVariation2,0,RuinedHutDigital,0,RuinedHutPhysical,0,FarmyardSetDigital,0,FarmyardSetPhysical,0,MarketStallsSet,0,MarketStallsSet1,0,brian.welcher@ns.sympatico.ca,Brian Welcher,Canada,Both digital and physical,$0.00,
122,47409431,Jason Tick,khadorstrong@gmail.com,US,$0.00,Path of Ascension,$89.00,10532079,$0.00,$89.00,$0.00,$89.00,"2025/11/17, 18:24",false,false,Not provided,collected,,0,0,0,0,0,0,0,0,0,0,0,0,0,0,0,0,0,0,0,0,0,0,0,0,0,0,0,0,0,0,0,0,0,0,0,0,0,0,0,0,0,0,0,0,0,0,0,0,0,0,0,0,0,0,0,0,0,0,0,0,0,0,0,0,0,0,0,0,0,0,0,0,0,0,1,0,1,0,0,0,0,0,0,0,0,0,0,0,0,0,0,0,0,0,0,0,0,0,0,0,0,0,0,0,0,0,0,0,0,0,0,0,0,0,0,0,0,0,0,0,0,0,0,0,0,0,0,0,0,0,0,0,0,0,0,0,0,0,0,0,0,0,0,0,"2025/12/10, 17:41",Jason Tick,1037 Kentucky St,"",Racine,WI,53405-2313,United States,US,4142138871,,AccesstoAddons,1,ShoshinThePath,0,ShoshinThePath1,1,StarterClanDigital,0,StarterClanPhysical,0,YokaiSetDigital,0,YokaiSetPhysical,0,OniMiniatureDigital,0,OniMiniaturePhysical,0,KitsuneMiniatureDigital,0,KitsuneMiniaturePhysical,0,TanukiMiniatureDigital,0,TanukiMiniaturePhysical,0,TenguMiniatureDigital,0,TenguMiniaturePhysical,0,KappaMiniatureDigital,0,KappaMiniaturePhysical,0,YureiMiniatureDigital,0,YureiMiniaturePhysical,0,ItsumadeMiniatureDigital,0,ItsumadeMiniaturePhysical,0,AmeOnnaMiniature,0,AmeOnnaMiniature1,0,NureOnnaMiniature,0,NureOnnaMiniature1,0,JubokkuMiniatureDigital,0,JubokkuMiniaturePhysical,0,TsuchigumoMiniatureDigital,0,TsuchigumoMiniaturePhysical,0,GashadokuroMiniatureDigital,0,GashadokuroMiniaturePhysical,0,CastleDigital,0,CastlePhysical,0,UltimateCastleWalls,0,UltimateCastleWalls1,0,CastleGateTower,0,CastleGateTower1,0,CastleGateTower2,0,CastleGateTower3,0,LanternsSetDigital,0,LanternsSetPhysical,0,BridgesSetDigital,0,BridgesSetPhysical,0,PondsSetDigital,0,PondsSetPhysical,0,SmallToriiPhysical,0,LargeToriiPhysical,0,ZenGardenDigital,0,ZenGardenPhysical,0,TemplePagodaDigital,0,TemplePagodaPhysical,0,TeahouseDigital,0,TeahousePhysical,0,SumoRingDigital,0,SumoRingPhysical,0,ShrineSetDigital,0,ShrineSetPhysical,0,UltimateStoneWalls,0,UltimateStoneWalls1,0,UltimateWoodenWalls,0,UltimateWoodenWalls1,0,FarmhouseVariation1,0,FarmhouseSetDigital,0,ToriiSetDigital,0,FarmhouseVariation2,0,RuinedHutDigital,0,RuinedHutPhysical,0,FarmyardSetDigital,0,FarmyardSetPhysical,0,MarketStallsSet,0,MarketStallsSet1,0,khadorstrong@gmail.com,Jason Tick,United States,"Not applicable to my pledge (Book, Boxset, Bonus Support)",$0.00,
123,713973031,Borton,bortonshort@gmail.com,ES,$0.00,Path of Ascension,$89.00,10532079,$0.00,$89.00,$0.00,$89.00,"2025/11/17, 23:26",false,false,Not provided,collected,,0,0,0,0,0,0,0,0,0,0,0,0,0,0,0,0,0,0,0,0,0,0,0,0,0,0,0,0,0,0,0,0,0,0,0,0,0,0,0,0,0,0,0,0,0,0,0,0,0,0,0,0,0,0,0,0,0,0,0,0,0,0,0,0,0,0,0,0,0,0,0,0,0,0,1,0,1,0,0,0,0,0,0,0,0,0,0,0,0,0,0,0,0,0,0,0,0,0,0,0,0,0,0,0,0,0,0,0,0,0,0,0,0,0,0,0,0,0,0,0,0,0,0,0,0,0,0,0,0,0,0,0,0,0,0,0,0,0,0,0,0,0,0,0,"2025/12/10, 19:12",Javier Portillo Largatxa,Avenida Los Trabajadores 31,,Zalla,Bizkaia,48850,Spain,ES,+34634400733,,AccesstoAddons,1,ShoshinThePath,0,ShoshinThePath1,1,StarterClanDigital,0,StarterClanPhysical,0,YokaiSetDigital,0,YokaiSetPhysical,0,OniMiniatureDigital,0,OniMiniaturePhysical,0,KitsuneMiniatureDigital,0,KitsuneMiniaturePhysical,0,TanukiMiniatureDigital,0,TanukiMiniaturePhysical,0,TenguMiniatureDigital,0,TenguMiniaturePhysical,0,KappaMiniatureDigital,0,KappaMiniaturePhysical,0,YureiMiniatureDigital,0,YureiMiniaturePhysical,0,ItsumadeMiniatureDigital,0,ItsumadeMiniaturePhysical,0,AmeOnnaMiniature,0,AmeOnnaMiniature1,0,NureOnnaMiniature,0,NureOnnaMiniature1,0,JubokkuMiniatureDigital,0,JubokkuMiniaturePhysical,0,TsuchigumoMiniatureDigital,0,TsuchigumoMiniaturePhysical,0,GashadokuroMiniatureDigital,0,GashadokuroMiniaturePhysical,0,CastleDigital,0,CastlePhysical,0,UltimateCastleWalls,0,UltimateCastleWalls1,0,CastleGateTower,0,CastleGateTower1,0,CastleGateTower2,0,CastleGateTower3,0,LanternsSetDigital,0,LanternsSetPhysical,0,BridgesSetDigital,0,BridgesSetPhysical,0,PondsSetDigital,0,PondsSetPhysical,0,SmallToriiPhysical,0,LargeToriiPhysical,0,ZenGardenDigital,0,ZenGardenPhysical,0,TemplePagodaDigital,0,TemplePagodaPhysical,0,TeahouseDigital,0,TeahousePhysical,0,SumoRingDigital,0,SumoRingPhysical,0,ShrineSetDigital,0,ShrineSetPhysical,0,UltimateStoneWalls,0,UltimateStoneWalls1,0,UltimateWoodenWalls,0,UltimateWoodenWalls1,0,FarmhouseVariation1,0,FarmhouseSetDigital,0,ToriiSetDigital,0,FarmhouseVariation2,0,RuinedHutDigital,0,RuinedHutPhysical,0,FarmyardSetDigital,0,FarmyardSetPhysical,0,MarketStallsSet,0,MarketStallsSet1,0,Bortonshort@gmail.com,Borton,European Union,"Not applicable to my pledge (Book, Boxset, Bonus Support)",$0.00,
124,1875763992,Kevin Mack,kmack01@gmail.com,US,$0.00,Path of Ascension,$89.00,10532079,$0.00,$89.00,$0.00,$89.00,"2025/11/18, 15:52",false,false,Not provided,collected,,0,0,0,0,0,0,0,0,0,0,0,0,0,0,0,0,0,0,0,0,0,0,0,0,0,0,0,0,0,0,0,0,0,0,0,0,0,0,0,0,0,0,0,0,0,0,0,0,0,0,0,0,0,0,0,0,0,0,0,0,0,0,0,0,0,0,0,0,0,0,0,0,0,0,1,0,1,0,0,0,0,0,0,0,0,0,0,0,0,0,0,0,0,0,0,0,0,0,0,0,0,0,0,0,0,0,0,0,0,0,0,0,0,0,0,0,0,0,0,0,0,0,0,0,0,0,0,0,0,0,0,0,0,0,0,0,0,0,0,0,0,0,0,0,"2025/12/29, 17:18",Kevin Mack,191 S Sierra Madre Blvd Apt 204,"",Pasadena,CA,91107-4132,United States,US,18182610023,,AccesstoAddons,1,ShoshinThePath,0,ShoshinThePath1,1,StarterClanDigital,0,StarterClanPhysical,0,YokaiSetDigital,0,YokaiSetPhysical,0,OniMiniatureDigital,0,OniMiniaturePhysical,0,KitsuneMiniatureDigital,0,KitsuneMiniaturePhysical,0,TanukiMiniatureDigital,0,TanukiMiniaturePhysical,0,TenguMiniatureDigital,0,TenguMiniaturePhysical,0,KappaMiniatureDigital,0,KappaMiniaturePhysical,0,YureiMiniatureDigital,0,YureiMiniaturePhysical,0,ItsumadeMiniatureDigital,0,ItsumadeMiniaturePhysical,0,AmeOnnaMiniature,0,AmeOnnaMiniature1,0,NureOnnaMiniature,0,NureOnnaMiniature1,0,JubokkuMiniatureDigital,0,JubokkuMiniaturePhysical,0,TsuchigumoMiniatureDigital,0,TsuchigumoMiniaturePhysical,0,GashadokuroMiniatureDigital,0,GashadokuroMiniaturePhysical,0,CastleDigital,0,CastlePhysical,0,UltimateCastleWalls,0,UltimateCastleWalls1,0,CastleGateTower,0,CastleGateTower1,0,CastleGateTower2,0,CastleGateTower3,0,LanternsSetDigital,0,LanternsSetPhysical,0,BridgesSetDigital,0,BridgesSetPhysical,0,PondsSetDigital,0,PondsSetPhysical,0,SmallToriiPhysical,0,LargeToriiPhysical,0,ZenGardenDigital,0,ZenGardenPhysical,0,TemplePagodaDigital,0,TemplePagodaPhysical,0,TeahouseDigital,0,TeahousePhysical,0,SumoRingDigital,0,SumoRingPhysical,0,ShrineSetDigital,0,ShrineSetPhysical,0,UltimateStoneWalls,0,UltimateStoneWalls1,0,UltimateWoodenWalls,0,UltimateWoodenWalls1,0,FarmhouseVariation1,0,FarmhouseSetDigital,0,ToriiSetDigital,0,FarmhouseVariation2,0,RuinedHutDigital,0,RuinedHutPhysical,0,FarmyardSetDigital,0,FarmyardSetPhysical,0,MarketStallsSet,0,MarketStallsSet1,0,Kmack01@gmail.com,Kevin Mack,United States,"Not applicable to my pledge (Book, Boxset, Bonus Support)",$0.00,
127,18175567,Cynthia Terry,hyacinth57@gmail.com,US,$0.00,Path of Ascension,$100.00,10532079,$0.00,$100.00,$0.00,$100.00,"2025/11/19, 00:05",false,false,Not provided,collected,,0,0,0,0,0,0,0,0,0,0,0,0,0,0,0,0,0,0,0,0,0,0,0,0,0,0,0,1,0,0,0,0,0,0,0,0,0,0,0,0,0,0,0,0,0,0,0,0,0,0,0,0,0,0,0,0,0,0,0,0,0,0,0,0,0,0,0,0,0,0,0,0,0,0,1,0,1,0,0,0,0,0,0,0,0,0,0,0,0,0,0,0,0,0,0,0,0,0,0,0,0,0,0,0,0,0,0,0,1,0,0,0,0,0,0,0,0,0,0,0,0,0,0,0,0,0,0,0,0,0,0,0,0,0,0,0,0,0,0,0,0,0,0,0,"2025/12/10, 23:14",Cynthia Terry,12720 43rd St NE,"",Saint Michael,MN,55376-8431,United States,US,+15074033797,,AccesstoAddons,1,ShoshinThePath,0,ShoshinThePath1,1,StarterClanDigital,0,StarterClanPhysical,0,YokaiSetDigital,0,YokaiSetPhysical,0,OniMiniatureDigital,0,OniMiniaturePhysical,0,KitsuneMiniatureDigital,0,KitsuneMiniaturePhysical,1,TanukiMiniatureDigital,0,TanukiMiniaturePhysical,0,TenguMiniatureDigital,0,TenguMiniaturePhysical,0,KappaMiniatureDigital,0,KappaMiniaturePhysical,0,YureiMiniatureDigital,0,YureiMiniaturePhysical,0,ItsumadeMiniatureDigital,0,ItsumadeMiniaturePhysical,0,AmeOnnaMiniature,0,AmeOnnaMiniature1,0,NureOnnaMiniature,0,NureOnnaMiniature1,0,JubokkuMiniatureDigital,0,JubokkuMiniaturePhysical,0,TsuchigumoMiniatureDigital,0,TsuchigumoMiniaturePhysical,0,GashadokuroMiniatureDigital,0,GashadokuroMiniaturePhysical,0,CastleDigital,0,CastlePhysical,0,UltimateCastleWalls,0,UltimateCastleWalls1,0,CastleGateTower,0,CastleGateTower1,0,CastleGateTower2,0,CastleGateTower3,0,LanternsSetDigital,0,LanternsSetPhysical,0,BridgesSetDigital,0,BridgesSetPhysical,0,PondsSetDigital,0,PondsSetPhysical,0,SmallToriiPhysical,0,LargeToriiPhysical,0,ZenGardenDigital,0,ZenGardenPhysical,0,TemplePagodaDigital,0,TemplePagodaPhysical,0,TeahouseDigital,0,TeahousePhysical,0,SumoRingDigital,0,SumoRingPhysical,0,ShrineSetDigital,0,ShrineSetPhysical,0,UltimateStoneWalls,0,UltimateStoneWalls1,0,UltimateWoodenWalls,0,UltimateWoodenWalls1,0,FarmhouseVariation1,0,FarmhouseSetDigital,0,ToriiSetDigital,0,FarmhouseVariation2,0,RuinedHutDigital,0,RuinedHutPhysical,0,FarmyardSetDigital,0,FarmyardSetPhysical,0,MarketStallsSet,0,MarketStallsSet1,0,hyacinth57@gmail.com,Cynthia,United States,Physical miniatures only,$0.00,
128,2062877059,Paul koch,nathanscheucansuckit@gmail.com,US,$0.00,Heaven's Will - Physical,$624.00,10831509,$0.00,$624.00,$208.00,$416.00,"2025/11/19, 03:00",false,true,Not provided,pledged,,0,0,0,0,0,0,0,0,0,0,0,0,0,0,0,0,0,0,0,0,0,0,0,0,0,0,0,0,0,0,0,0,0,0,0,0,0,0,0,0,0,0,0,0,0,0,0,0,0,0,0,0,0,0,0,0,0,0,0,0,0,0,0,0,0,0,0,0,0,0,0,0,0,0,1,0,1,0,4,0,1,0,0,0,0,0,0,0,0,0,0,0,0,0,0,0,0,0,0,0,0,0,0,0,0,0,0,0,0,0,0,0,0,0,0,0,0,0,0,0,0,0,0,0,0,0,0,0,0,0,0,0,0,0,0,0,0,0,0,0,0,0,0,0,"2025/12/11, 09:11",Paul koch,115 S Washington St,"",Manchester,MI,48158-8563,United States,US,7346464929,,AccesstoAddons,1,ShoshinThePath,0,ShoshinThePath1,1,StarterClanDigital,0,StarterClanPhysical,4,YokaiSetDigital,0,YokaiSetPhysical,1,OniMiniatureDigital,0,OniMiniaturePhysical,0,KitsuneMiniatureDigital,0,KitsuneMiniaturePhysical,0,TanukiMiniatureDigital,0,TanukiMiniaturePhysical,0,TenguMiniatureDigital,0,TenguMiniaturePhysical,0,KappaMiniatureDigital,0,KappaMiniaturePhysical,0,YureiMiniatureDigital,0,YureiMiniaturePhysical,0,ItsumadeMiniatureDigital,0,ItsumadeMiniaturePhysical,0,AmeOnnaMiniature,0,AmeOnnaMiniature1,0,NureOnnaMiniature,0,NureOnnaMiniature1,0,JubokkuMiniatureDigital,0,JubokkuMiniaturePhysical,0,TsuchigumoMiniatureDigital,0,TsuchigumoMiniaturePhysical,0,GashadokuroMiniatureDigital,0,GashadokuroMiniaturePhysical,0,CastleDigital,0,CastlePhysical,0,UltimateCastleWalls,0,UltimateCastleWalls1,0,CastleGateTower,0,CastleGateTower1,0,CastleGateTower2,0,CastleGateTower3,0,LanternsSetDigital,0,LanternsSetPhysical,0,BridgesSetDigital,0,BridgesSetPhysical,0,PondsSetDigital,0,PondsSetPhysical,0,SmallToriiPhysical,0,LargeToriiPhysical,0,ZenGardenDigital,0,ZenGardenPhysical,0,TemplePagodaDigital,0,TemplePagodaPhysical,0,TeahouseDigital,0,TeahousePhysical,0,SumoRingDigital,0,SumoRingPhysical,0,ShrineSetDigital,0,ShrineSetPhysical,0,UltimateStoneWalls,0,UltimateStoneWalls1,0,UltimateWoodenWalls,0,UltimateWoodenWalls1,0,FarmhouseVariation1,0,FarmhouseSetDigital,0,ToriiSetDigital,0,FarmhouseVariation2,0,RuinedHutDigital,0,RuinedHutPhysical,0,FarmyardSetDigital,0,FarmyardSetPhysical,0,MarketStallsSet,0,MarketStallsSet1,0,,Paul koch,United States,Physical miniatures only,,
129,1006699939,CJ Farley,cjf.web.11@gmail.com,US,$0.00,Heaven's Will - Digital,$336.00,10831505,$0.00,$336.00,$0.00,$336.00,"2025/11/19, 15:05",false,false,Not provided,collected,,1,0,0,0,0,0,0,1,1,1,0,1,0,0,0,0,1,0,1,0,0,0,0,0,0,1,0,0,0,0,0,0,0,0,0,0,0,0,0,0,0,0,0,0,0,0,0,0,0,0,0,0,0,0,0,0,0,0,0,0,0,0,0,0,0,0,0,0,0,0,0,0,0,0,1,0,1,4,0,1,0,1,0,0,0,0,0,0,1,1,1,0,1,0,0,0,0,1,0,1,0,0,0,0,0,0,1,0,0,0,0,0,0,0,0,0,0,0,0,0,0,0,0,0,0,0,0,0,0,0,0,0,0,0,0,0,0,0,0,0,0,0,0,0,,CJ Farley,,,,,,,,,,AccesstoAddons,,ShoshinThePath,,ShoshinThePath1,,StarterClanDigital,,StarterClanPhysical,,YokaiSetDigital,,YokaiSetPhysical,,OniMiniatureDigital,,OniMiniaturePhysical,,KitsuneMiniatureDigital,,KitsuneMiniaturePhysical,,TanukiMiniatureDigital,,TanukiMiniaturePhysical,,TenguMiniatureDigital,,TenguMiniaturePhysical,,KappaMiniatureDigital,,KappaMiniaturePhysical,,YureiMiniatureDigital,,YureiMiniaturePhysical,,ItsumadeMiniatureDigital,,ItsumadeMiniaturePhysical,,AmeOnnaMiniature,,AmeOnnaMiniature1,,NureOnnaMiniature,,NureOnnaMiniature1,,JubokkuMiniatureDigital,,JubokkuMiniaturePhysical,,TsuchigumoMiniatureDigital,,TsuchigumoMiniaturePhysical,,GashadokuroMiniatureDigital,,GashadokuroMiniaturePhysical,,CastleDigital,,CastlePhysical,,UltimateCastleWalls,,UltimateCastleWalls1,,CastleGateTower,,CastleGateTower1,,CastleGateTower2,,CastleGateTower3,,LanternsSetDigital,,LanternsSetPhysical,,BridgesSetDigital,,BridgesSetPhysical,,PondsSetDigital,,PondsSetPhysical,,SmallToriiPhysical,,LargeToriiPhysical,,ZenGardenDigital,,ZenGardenPhysical,,TemplePagodaDigital,,TemplePagodaPhysical,,TeahouseDigital,,TeahousePhysical,,SumoRingDigital,,SumoRingPhysical,,ShrineSetDigital,,ShrineSetPhysical,,UltimateStoneWalls,,UltimateStoneWalls1,,UltimateWoodenWalls,,UltimateWoodenWalls1,,FarmhouseVariation1,,FarmhouseSetDigital,,ToriiSetDigital,,FarmhouseVariation2,,RuinedHutDigital,,RuinedHutPhysical,,FarmyardSetDigital,,FarmyardSetPhysical,,MarketStallsSet,,MarketStallsSet1,,,,,,$0.00,
131,1563315717,Steven Stromberg,gyozaguy@gmail.com,N/A,$0.00,Petal on the Wind,$189.00,10532059,$0.00,$189.00,$0.00,$189.00,"2025/11/20, 22:41",false,false,Not provided,collected,,1,0,0,0,0,0,0,1,1,1,0,1,1,1,0,1,1,1,1,1,1,0,0,0,0,1,1,0,0,1,0,1,0,0,0,1,0,0,0,0,0,0,0,0,0,0,0,0,0,0,0,0,0,1,0,0,0,0,0,0,0,0,0,0,0,0,0,0,0,0,0,0,0,0,1,0,0,0,0,0,0,1,0,0,0,0,0,0,1,1,1,0,1,1,1,0,1,1,1,1,1,1,0,0,0,0,1,1,0,0,1,0,1,0,0,0,1,0,0,0,0,0,0,0,0,0,0,0,0,0,1,0,0,0,0,0,0,0,0,0,0,0,0,0,"2025/12/10, 17:41",Steven Stromberg,1240 Nicholls Rd,,Fruit Heights,UT,84037-2612,United States,US,"",,AccesstoAddons,1,ShoshinThePath,0,ShoshinThePath1,0,StarterClanDigital,0,StarterClanPhysical,0,YokaiSetDigital,0,YokaiSetPhysical,0,OniMiniatureDigital,0,OniMiniaturePhysical,0,KitsuneMiniatureDigital,0,KitsuneMiniaturePhysical,0,TanukiMiniatureDigital,0,TanukiMiniaturePhysical,0,TenguMiniatureDigital,0,TenguMiniaturePhysical,0,KappaMiniatureDigital,0,KappaMiniaturePhysical,0,YureiMiniatureDigital,0,YureiMiniaturePhysical,0,ItsumadeMiniatureDigital,0,ItsumadeMiniaturePhysical,0,AmeOnnaMiniature,0,AmeOnnaMiniature1,0,NureOnnaMiniature,0,NureOnnaMiniature1,0,JubokkuMiniatureDigital,0,JubokkuMiniaturePhysical,0,TsuchigumoMiniatureDigital,0,TsuchigumoMiniaturePhysical,0,GashadokuroMiniatureDigital,0,GashadokuroMiniaturePhysical,0,CastleDigital,1,CastlePhysical,0,UltimateCastleWalls,1,UltimateCastleWalls1,0,CastleGateTower,1,CastleGateTower1,0,CastleGateTower2,1,CastleGateTower3,0,LanternsSetDigital,1,LanternsSetPhysical,0,BridgesSetDigital,1,BridgesSetPhysical,0,PondsSetDigital,1,PondsSetPhysical,0,SmallToriiPhysical,0,LargeToriiPhysical,0,ZenGardenDigital,1,ZenGardenPhysical,0,TemplePagodaDigital,1,TemplePagodaPhysical,0,TeahouseDigital,1,TeahousePhysical,0,SumoRingDigital,1,SumoRingPhysical,0,ShrineSetDigital,1,ShrineSetPhysical,0,UltimateStoneWalls,1,UltimateStoneWalls1,0,UltimateWoodenWalls,1,UltimateWoodenWalls1,0,FarmhouseVariation1,0,FarmhouseSetDigital,1,ToriiSetDigital,1,FarmhouseVariation2,0,RuinedHutDigital,1,RuinedHutPhysical,0,FarmyardSetDigital,1,FarmyardSetPhysical,0,MarketStallsSet,1,MarketStallsSet1,0,gyozaguy@gmail.com,Steven Stromberg,United States,Digital STL files only,$0.00,
132,1407327774,TRM,tim.r.murphy@talktalk.net,GB,$0.00,Path of Ascension,$89.00,10532079,$0.00,$89.00,$0.00,$89.00,"2025/11/20, 22:46",false,false,Not provided,collected,,0,0,0,0,0,0,0,0,0,0,0,0,0,0,0,0,0,0,0,0,0,0,0,0,0,0,0,0,0,0,0,0,0,0,0,0,0,0,0,0,0,0,0,0,0,0,0,0,0,0,0,0,0,0,0,0,0,0,0,0,0,0,0,0,0,0,0,0,0,0,0,0,0,0,1,0,1,0,0,0,0,0,0,0,0,0,0,0,0,0,0,0,0,0,0,0,0,0,0,0,0,0,0,0,0,0,0,0,0,0,0,0,0,0,0,0,0,0,0,0,0,0,0,0,0,0,0,0,0,0,0,0,0,0,0,0,0,0,0,0,0,0,0,0,"2025/12/10, 20:00",Tim Murphy,146 Kestrel Park,Ashurst,Skelmersdale,Lancashire,WN8 6TB,United Kingdom,GB,"",,AccesstoAddons,1,ShoshinThePath,0,ShoshinThePath1,1,StarterClanDigital,0,StarterClanPhysical,0,YokaiSetDigital,0,YokaiSetPhysical,0,OniMiniatureDigital,0,OniMiniaturePhysical,0,KitsuneMiniatureDigital,0,KitsuneMiniaturePhysical,0,TanukiMiniatureDigital,0,TanukiMiniaturePhysical,0,TenguMiniatureDigital,0,TenguMiniaturePhysical,0,KappaMiniatureDigital,0,KappaMiniaturePhysical,0,YureiMiniatureDigital,0,YureiMiniaturePhysical,0,ItsumadeMiniatureDigital,0,ItsumadeMiniaturePhysical,0,AmeOnnaMiniature,0,AmeOnnaMiniature1,0,NureOnnaMiniature,0,NureOnnaMiniature1,0,JubokkuMiniatureDigital,0,JubokkuMiniaturePhysical,0,TsuchigumoMiniatureDigital,0,TsuchigumoMiniaturePhysical,0,GashadokuroMiniatureDigital,0,GashadokuroMiniaturePhysical,0,CastleDigital,0,CastlePhysical,0,UltimateCastleWalls,0,UltimateCastleWalls1,0,CastleGateTower,0,CastleGateTower1,0,CastleGateTower2,0,CastleGateTower3,0,LanternsSetDigital,0,LanternsSetPhysical,0,BridgesSetDigital,0,BridgesSetPhysical,0,PondsSetDigital,0,PondsSetPhysical,0,SmallToriiPhysical,0,LargeToriiPhysical,0,ZenGardenDigital,0,ZenGardenPhysical,0,TemplePagodaDigital,0,TemplePagodaPhysical,0,TeahouseDigital,0,TeahousePhysical,0,SumoRingDigital,0,SumoRingPhysical,0,ShrineSetDigital,0,ShrineSetPhysical,0,UltimateStoneWalls,0,UltimateStoneWalls1,0,UltimateWoodenWalls,0,UltimateWoodenWalls1,0,FarmhouseVariation1,0,FarmhouseSetDigital,0,ToriiSetDigital,0,FarmhouseVariation2,0,RuinedHutDigital,0,RuinedHutPhysical,0,FarmyardSetDigital,0,FarmyardSetPhysical,0,MarketStallsSet,0,MarketStallsSet1,0,tim.r.murphy@talktalk.net,Tim Murphy,United Kingdom,"Not applicable to my pledge (Book, Boxset, Bonus Support)",$0.00,
133,419312060,Justin,theoldonecthulhu@hotmail.com,US,$0.00,Path of Ascension,$89.00,10532079,$0.00,$89.00,$0.00,$89.00,"2025/11/21, 06:09",false,false,Not provided,collected,,0,0,0,0,0,0,0,0,0,0,0,0,0,0,0,0,0,0,0,0,0,0,0,0,0,0,0,0,0,0,0,0,0,0,0,0,0,0,0,0,0,0,0,0,0,0,0,0,0,0,0,0,0,0,0,0,0,0,0,0,0,0,0,0,0,0,0,0,0,0,0,0,0,0,1,0,1,0,0,0,0,0,0,0,0,0,0,0,0,0,0,0,0,0,0,0,0,0,0,0,0,0,0,0,0,0,0,0,0,0,0,0,0,0,0,0,0,0,0,0,0,0,0,0,0,0,0,0,0,0,0,0,0,0,0,0,0,0,0,0,0,0,0,0,"2025/12/11, 01:36",Justin Barto,1436 Brinton Road,"",Pittsburgh,PA,15221,United States,US,4125801081,,AccesstoAddons,1,ShoshinThePath,0,ShoshinThePath1,1,StarterClanDigital,0,StarterClanPhysical,0,YokaiSetDigital,0,YokaiSetPhysical,0,OniMiniatureDigital,0,OniMiniaturePhysical,0,KitsuneMiniatureDigital,0,KitsuneMiniaturePhysical,0,TanukiMiniatureDigital,0,TanukiMiniaturePhysical,0,TenguMiniatureDigital,0,TenguMiniaturePhysical,0,KappaMiniatureDigital,0,KappaMiniaturePhysical,0,YureiMiniatureDigital,0,YureiMiniaturePhysical,0,ItsumadeMiniatureDigital,0,ItsumadeMiniaturePhysical,0,AmeOnnaMiniature,0,AmeOnnaMiniature1,0,NureOnnaMiniature,0,NureOnnaMiniature1,0,JubokkuMiniatureDigital,0,JubokkuMiniaturePhysical,0,TsuchigumoMiniatureDigital,0,TsuchigumoMiniaturePhysical,0,GashadokuroMiniatureDigital,0,GashadokuroMiniaturePhysical,0,CastleDigital,0,CastlePhysical,0,UltimateCastleWalls,0,UltimateCastleWalls1,0,CastleGateTower,0,CastleGateTower1,0,CastleGateTower2,0,CastleGateTower3,0,LanternsSetDigital,0,LanternsSetPhysical,0,BridgesSetDigital,0,BridgesSetPhysical,0,PondsSetDigital,0,PondsSetPhysical,0,SmallToriiPhysical,0,LargeToriiPhysical,0,ZenGardenDigital,0,ZenGardenPhysical,0,TemplePagodaDigital,0,TemplePagodaPhysical,0,TeahouseDigital,0,TeahousePhysical,0,SumoRingDigital,0,SumoRingPhysical,0,ShrineSetDigital,0,ShrineSetPhysical,0,UltimateStoneWalls,0,UltimateStoneWalls1,0,UltimateWoodenWalls,0,UltimateWoodenWalls1,0,FarmhouseVariation1,0,FarmhouseSetDigital,0,ToriiSetDigital,0,FarmhouseVariation2,0,RuinedHutDigital,0,RuinedHutPhysical,0,FarmyardSetDigital,0,FarmyardSetPhysical,0,MarketStallsSet,0,MarketStallsSet1,0,theoldonecthulhu@hotmail.com,Justin,United States,"Not applicable to my pledge (Book, Boxset, Bonus Support)",$0.00,
134,257219080,Alex Baragaño,bara_1980@hotmail.com,US,$0.00,Beginner's Mind,$54.00,10532073,$0.00,$54.00,$0.00,$54.00,"2025/11/21, 06:56",false,false,Not provided,collected,,0,0,0,0,0,0,0,0,0,0,0,0,0,0,0,0,0,0,0,0,0,0,0,0,0,0,0,0,0,0,0,0,0,0,0,0,0,0,0,0,0,0,0,0,0,0,0,0,0,0,0,0,0,0,0,0,0,0,0,0,0,0,0,0,0,0,0,0,0,0,0,0,0,0,1,1,0,0,0,0,0,0,0,0,0,0,0,0,0,0,0,0,0,0,0,0,0,0,0,0,0,0,0,0,0,0,0,0,0,0,0,0,0,0,0,0,0,0,0,0,0,0,0,0,0,0,0,0,0,0,0,0,0,0,0,0,0,0,0,0,0,0,0,0,"2025/12/10, 18:08",Alejandro Lopez Baragano,16651 NE 190th St,"",Woodinville,WA,98072-8413,United States,US,4255034388,,AccesstoAddons,1,ShoshinThePath,1,ShoshinThePath1,0,StarterClanDigital,0,StarterClanPhysical,0,YokaiSetDigital,0,YokaiSetPhysical,0,OniMiniatureDigital,0,OniMiniaturePhysical,0,KitsuneMiniatureDigital,0,KitsuneMiniaturePhysical,0,TanukiMiniatureDigital,0,TanukiMiniaturePhysical,0,TenguMiniatureDigital,0,TenguMiniaturePhysical,0,KappaMiniatureDigital,0,KappaMiniaturePhysical,0,YureiMiniatureDigital,0,YureiMiniaturePhysical,0,ItsumadeMiniatureDigital,0,ItsumadeMiniaturePhysical,0,AmeOnnaMiniature,0,AmeOnnaMiniature1,0,NureOnnaMiniature,0,NureOnnaMiniature1,0,JubokkuMiniatureDigital,0,JubokkuMiniaturePhysical,0,TsuchigumoMiniatureDigital,0,TsuchigumoMiniaturePhysical,0,GashadokuroMiniatureDigital,0,GashadokuroMiniaturePhysical,0,CastleDigital,0,CastlePhysical,0,UltimateCastleWalls,0,UltimateCastleWalls1,0,CastleGateTower,0,CastleGateTower1,0,CastleGateTower2,0,CastleGateTower3,0,LanternsSetDigital,0,LanternsSetPhysical,0,BridgesSetDigital,0,BridgesSetPhysical,0,PondsSetDigital,0,PondsSetPhysical,0,SmallToriiPhysical,0,LargeToriiPhysical,0,ZenGardenDigital,0,ZenGardenPhysical,0,TemplePagodaDigital,0,TemplePagodaPhysical,0,TeahouseDigital,0,TeahousePhysical,0,SumoRingDigital,0,SumoRingPhysical,0,ShrineSetDigital,0,ShrineSetPhysical,0,UltimateStoneWalls,0,UltimateStoneWalls1,0,UltimateWoodenWalls,0,UltimateWoodenWalls1,0,FarmhouseVariation1,0,FarmhouseSetDigital,0,ToriiSetDigital,0,FarmhouseVariation2,0,RuinedHutDigital,0,RuinedHutPhysical,0,FarmyardSetDigital,0,FarmyardSetPhysical,0,MarketStallsSet,0,MarketStallsSet1,0,bara_1980@hotmail.com,Alejandro Lopez Baragano,United States,"Not applicable to my pledge (Book, Boxset, Bonus Support)",$0.00,
135,1028592527,Stanley F Kubiak,stanley.f.kubiak@gmail.com,US,$0.00,Beginner's Mind,$134.00,10532073,$0.00,$134.00,$0.00,$134.00,"2025/11/21, 08:59",false,false,Not provided,collected,,0,0,0,0,0,0,0,0,0,0,0,0,0,0,0,0,1,0,0,0,0,0,0,0,0,1,1,0,0,0,0,0,0,0,0,0,0,0,0,0,0,0,0,0,0,0,0,0,0,0,0,0,0,1,0,0,0,0,0,0,0,0,0,0,0,0,0,0,0,0,0,0,0,0,1,1,0,0,0,0,0,0,0,0,0,0,0,0,0,0,0,0,0,0,0,0,0,1,0,0,0,0,0,0,0,0,1,1,0,0,0,0,0,0,0,0,0,0,0,0,0,0,0,0,0,0,0,0,0,0,1,0,0,0,0,0,0,0,0,0,0,0,0,0,"2025/12/11, 03:04",Stanley F Kubiak,7 Camel Back Ct,"",Brentwood,TN,37027-8939,United States,US,"",,AccesstoAddons,1,ShoshinThePath,1,ShoshinThePath1,0,StarterClanDigital,0,StarterClanPhysical,0,YokaiSetDigital,0,YokaiSetPhysical,0,OniMiniatureDigital,0,OniMiniaturePhysical,0,KitsuneMiniatureDigital,0,KitsuneMiniaturePhysical,0,TanukiMiniatureDigital,0,TanukiMiniaturePhysical,0,TenguMiniatureDigital,0,TenguMiniaturePhysical,0,KappaMiniatureDigital,0,KappaMiniaturePhysical,0,YureiMiniatureDigital,0,YureiMiniaturePhysical,0,ItsumadeMiniatureDigital,0,ItsumadeMiniaturePhysical,0,AmeOnnaMiniature,0,AmeOnnaMiniature1,0,NureOnnaMiniature,0,NureOnnaMiniature1,0,JubokkuMiniatureDigital,0,JubokkuMiniaturePhysical,0,TsuchigumoMiniatureDigital,0,TsuchigumoMiniaturePhysical,0,GashadokuroMiniatureDigital,0,GashadokuroMiniaturePhysical,0,CastleDigital,1,CastlePhysical,0,UltimateCastleWalls,1,UltimateCastleWalls1,0,CastleGateTower,1,CastleGateTower1,0,CastleGateTower2,1,CastleGateTower3,0,LanternsSetDigital,0,LanternsSetPhysical,0,BridgesSetDigital,0,BridgesSetPhysical,0,PondsSetDigital,0,PondsSetPhysical,0,SmallToriiPhysical,0,LargeToriiPhysical,0,ZenGardenDigital,0,ZenGardenPhysical,0,TemplePagodaDigital,0,TemplePagodaPhysical,0,TeahouseDigital,0,TeahousePhysical,0,SumoRingDigital,0,SumoRingPhysical,0,ShrineSetDigital,0,ShrineSetPhysical,0,UltimateStoneWalls,0,UltimateStoneWalls1,0,UltimateWoodenWalls,0,UltimateWoodenWalls1,0,FarmhouseVariation1,0,FarmhouseSetDigital,0,ToriiSetDigital,0,FarmhouseVariation2,0,RuinedHutDigital,0,RuinedHutPhysical,0,FarmyardSetDigital,0,FarmyardSetPhysical,0,MarketStallsSet,0,MarketStallsSet1,0,stanley.f.kubiak@gmail.com,Stanley F Kubiak,United States,Digital STL files only,$0.00,
136,436674348,Andre Bagamaspad,ambagamaspad@gmail.com,US,$0.00,Path of Ascension,$89.00,10532079,$0.00,$89.00,$0.00,$89.00,"2025/11/21, 22:34",false,false,Not provided,collected,,0,0,0,0,0,0,0,0,0,0,0,0,0,0,0,0,0,0,0,0,0,0,0,0,0,0,0,0,0,0,0,0,0,0,0,0,0,0,0,0,0,0,0,0,0,0,0,0,0,0,0,0,0,0,0,0,0,0,0,0,0,0,0,0,0,0,0,0,0,0,0,0,0,0,1,0,1,0,0,0,0,0,0,0,0,0,0,0,0,0,0,0,0,0,0,0,0,0,0,0,0,0,0,0,0,0,0,0,0,0,0,0,0,0,0,0,0,0,0,0,0,0,0,0,0,0,0,0,0,0,0,0,0,0,0,0,0,0,0,0,0,0,0,0,,Andre Bagamaspad,,,,,,,,,,AccesstoAddons,,ShoshinThePath,,ShoshinThePath1,,StarterClanDigital,,StarterClanPhysical,,YokaiSetDigital,,YokaiSetPhysical,,OniMiniatureDigital,,OniMiniaturePhysical,,KitsuneMiniatureDigital,,KitsuneMiniaturePhysical,,TanukiMiniatureDigital,,TanukiMiniaturePhysical,,TenguMiniatureDigital,,TenguMiniaturePhysical,,KappaMiniatureDigital,,KappaMiniaturePhysical,,YureiMiniatureDigital,,YureiMiniaturePhysical,,ItsumadeMiniatureDigital,,ItsumadeMiniaturePhysical,,AmeOnnaMiniature,,AmeOnnaMiniature1,,NureOnnaMiniature,,NureOnnaMiniature1,,JubokkuMiniatureDigital,,JubokkuMiniaturePhysical,,TsuchigumoMiniatureDigital,,TsuchigumoMiniaturePhysical,,GashadokuroMiniatureDigital,,GashadokuroMiniaturePhysical,,CastleDigital,,CastlePhysical,,UltimateCastleWalls,,UltimateCastleWalls1,,CastleGateTower,,CastleGateTower1,,CastleGateTower2,,CastleGateTower3,,LanternsSetDigital,,LanternsSetPhysical,,BridgesSetDigital,,BridgesSetPhysical,,PondsSetDigital,,PondsSetPhysical,,SmallToriiPhysical,,LargeToriiPhysical,,ZenGardenDigital,,ZenGardenPhysical,,TemplePagodaDigital,,TemplePagodaPhysical,,TeahouseDigital,,TeahousePhysical,,SumoRingDigital,,SumoRingPhysical,,ShrineSetDigital,,ShrineSetPhysical,,UltimateStoneWalls,,UltimateStoneWalls1,,UltimateWoodenWalls,,UltimateWoodenWalls1,,FarmhouseVariation1,,FarmhouseSetDigital,,ToriiSetDigital,,FarmhouseVariation2,,RuinedHutDigital,,RuinedHutPhysical,,FarmyardSetDigital,,FarmyardSetPhysical,,MarketStallsSet,,MarketStallsSet1,,,,,,$0.00,
137,1206291660,Ronald Shenck,ronshenck@gmail.com,US,$0.00,Beginner's Mind,$54.00,10532073,$0.00,$54.00,$0.00,$54.00,"2025/11/22, 15:14",false,false,Not provided,collected,,0,0,0,0,0,0,0,0,0,0,0,0,0,0,0,0,0,0,0,0,0,0,0,0,0,0,0,0,0,0,0,0,0,0,0,0,0,0,0,0,0,0,0,0,0,0,0,0,0,0,0,0,0,0,0,0,0,0,0,0,0,0,0,0,0,0,0,0,0,0,0,0,0,0,1,1,0,0,0,0,0,0,0,0,0,0,0,0,0,0,0,0,0,0,0,0,0,0,0,0,0,0,0,0,0,0,0,0,0,0,0,0,0,0,0,0,0,0,0,0,0,0,0,0,0,0,0,0,0,0,0,0,0,0,0,0,0,0,0,0,0,0,0,0,"2025/12/11, 01:11",Ronald Shenck,617 Vintage Ln,"",Rochester,NY,14615-1031,United States,US,15855815634,,AccesstoAddons,1,ShoshinThePath,1,ShoshinThePath1,0,StarterClanDigital,0,StarterClanPhysical,0,YokaiSetDigital,0,YokaiSetPhysical,0,OniMiniatureDigital,0,OniMiniaturePhysical,0,KitsuneMiniatureDigital,0,KitsuneMiniaturePhysical,0,TanukiMiniatureDigital,0,TanukiMiniaturePhysical,0,TenguMiniatureDigital,0,TenguMiniaturePhysical,0,KappaMiniatureDigital,0,KappaMiniaturePhysical,0,YureiMiniatureDigital,0,YureiMiniaturePhysical,0,ItsumadeMiniatureDigital,0,ItsumadeMiniaturePhysical,0,AmeOnnaMiniature,0,AmeOnnaMiniature1,0,NureOnnaMiniature,0,NureOnnaMiniature1,0,JubokkuMiniatureDigital,0,JubokkuMiniaturePhysical,0,TsuchigumoMiniatureDigital,0,TsuchigumoMiniaturePhysical,0,GashadokuroMiniatureDigital,0,GashadokuroMiniaturePhysical,0,CastleDigital,0,CastlePhysical,0,UltimateCastleWalls,0,UltimateCastleWalls1,0,CastleGateTower,0,CastleGateTower1,0,CastleGateTower2,0,CastleGateTower3,0,LanternsSetDigital,0,LanternsSetPhysical,0,BridgesSetDigital,0,BridgesSetPhysical,0,PondsSetDigital,0,PondsSetPhysical,0,SmallToriiPhysical,0,LargeToriiPhysical,0,ZenGardenDigital,0,ZenGardenPhysical,0,TemplePagodaDigital,0,TemplePagodaPhysical,0,TeahouseDigital,0,TeahousePhysical,0,SumoRingDigital,0,SumoRingPhysical,0,ShrineSetDigital,0,ShrineSetPhysical,0,UltimateStoneWalls,0,UltimateStoneWalls1,0,UltimateWoodenWalls,0,UltimateWoodenWalls1,0,FarmhouseVariation1,0,FarmhouseSetDigital,0,ToriiSetDigital,0,FarmhouseVariation2,0,RuinedHutDigital,0,RuinedHutPhysical,0,FarmyardSetDigital,0,FarmyardSetPhysical,0,MarketStallsSet,0,MarketStallsSet1,0,ronshenck@gmail.com,Ronald Shenck,United States,"Not applicable to my pledge (Book, Boxset, Bonus Support)",$0.00,
138,1875008839,Sean Jenkins,seanjenkins711@gmail.com,N/A,$0.00,Petal on the Wind,$5.00,10532059,$0.00,$5.00,$0.00,$5.00,"2025/11/22, 17:11",false,false,Not provided,collected,,0,0,0,0,0,0,0,0,0,0,0,0,0,0,0,0,0,0,0,0,0,0,0,0,0,0,0,0,0,0,0,0,0,0,0,0,0,0,0,0,0,0,0,0,0,0,0,0,0,0,0,0,0,0,0,0,0,0,0,0,0,0,0,0,0,0,0,0,0,0,0,0,0,0,1,0,0,0,0,0,0,0,0,0,0,0,0,0,0,0,0,0,0,0,0,0,0,0,0,0,0,0,0,0,0,0,0,0,0,0,0,0,0,0,0,0,0,0,0,0,0,0,0,0,0,0,0,0,0,0,0,0,0,0,0,0,0,0,0,0,0,0,0,0,"2025/12/10, 22:42",Sean W Jenkins,15115 Interlachen Dr Apt 121 # 121,"",Silver Spring,MD,20906-5637,United States,US,2404592403,,AccesstoAddons,1,ShoshinThePath,0,ShoshinThePath1,0,StarterClanDigital,0,StarterClanPhysical,0,YokaiSetDigital,0,YokaiSetPhysical,0,OniMiniatureDigital,0,OniMiniaturePhysical,0,KitsuneMiniatureDigital,0,KitsuneMiniaturePhysical,0,TanukiMiniatureDigital,0,TanukiMiniaturePhysical,0,TenguMiniatureDigital,0,TenguMiniaturePhysical,0,KappaMiniatureDigital,0,KappaMiniaturePhysical,0,YureiMiniatureDigital,0,YureiMiniaturePhysical,0,ItsumadeMiniatureDigital,0,ItsumadeMiniaturePhysical,0,AmeOnnaMiniature,0,AmeOnnaMiniature1,0,NureOnnaMiniature,0,NureOnnaMiniature1,0,JubokkuMiniatureDigital,0,JubokkuMiniaturePhysical,0,TsuchigumoMiniatureDigital,0,TsuchigumoMiniaturePhysical,0,GashadokuroMiniatureDigital,0,GashadokuroMiniaturePhysical,0,CastleDigital,0,CastlePhysical,0,UltimateCastleWalls,0,UltimateCastleWalls1,0,CastleGateTower,0,CastleGateTower1,0,CastleGateTower2,0,CastleGateTower3,0,LanternsSetDigital,0,LanternsSetPhysical,0,BridgesSetDigital,0,BridgesSetPhysical,0,PondsSetDigital,0,PondsSetPhysical,0,SmallToriiPhysical,0,LargeToriiPhysical,0,ZenGardenDigital,0,ZenGardenPhysical,0,TemplePagodaDigital,0,TemplePagodaPhysical,0,TeahouseDigital,0,TeahousePhysical,0,SumoRingDigital,0,SumoRingPhysical,0,ShrineSetDigital,0,ShrineSetPhysical,0,UltimateStoneWalls,0,UltimateStoneWalls1,0,UltimateWoodenWalls,0,UltimateWoodenWalls1,0,FarmhouseVariation1,0,FarmhouseSetDigital,0,ToriiSetDigital,0,FarmhouseVariation2,0,RuinedHutDigital,0,RuinedHutPhysical,0,FarmyardSetDigital,0,FarmyardSetPhysical,0,MarketStallsSet,0,MarketStallsSet1,0,seanjenkins711@gmail.com,Sean Jenkins,United States,Both digital and physical,$0.00,
139,2020253469,Jonathan Thornhill,jdthornhill1266@outlook.com,US,$0.00,Spiritual Awakening - Physical,$372.00,10831499,$0.00,$372.00,$124.00,$248.00,"2025/11/22, 17:20",false,true,Not provided,pledged,,0,0,0,0,0,0,0,0,0,0,0,0,0,0,0,0,0,0,0,0,0,0,0,0,0,0,0,0,0,0,0,0,0,0,0,0,0,0,0,0,0,0,0,0,0,0,0,0,0,0,0,0,0,0,0,0,0,0,0,0,0,0,0,0,0,0,0,0,0,0,0,0,0,0,1,0,1,0,1,0,1,0,0,0,0,0,0,0,0,0,0,0,0,0,0,0,0,0,0,0,0,0,0,0,0,0,0,0,0,0,0,0,0,0,0,0,0,0,0,0,0,0,0,0,0,0,0,0,0,0,0,0,0,0,0,0,0,0,0,0,0,0,0,0,"2025/12/12, 19:08",Jonathan Thornhill,5149 Ava Ct,,Zephyrhills,FL,33542-5307,United States,US,+18636048556,,AccesstoAddons,1,ShoshinThePath,0,ShoshinThePath1,1,StarterClanDigital,0,StarterClanPhysical,1,YokaiSetDigital,0,YokaiSetPhysical,1,OniMiniatureDigital,0,OniMiniaturePhysical,0,KitsuneMiniatureDigital,0,KitsuneMiniaturePhysical,0,TanukiMiniatureDigital,0,TanukiMiniaturePhysical,0,TenguMiniatureDigital,0,TenguMiniaturePhysical,0,KappaMiniatureDigital,0,KappaMiniaturePhysical,0,YureiMiniatureDigital,0,YureiMiniaturePhysical,0,ItsumadeMiniatureDigital,0,ItsumadeMiniaturePhysical,0,AmeOnnaMiniature,0,AmeOnnaMiniature1,0,NureOnnaMiniature,0,NureOnnaMiniature1,0,JubokkuMiniatureDigital,0,JubokkuMiniaturePhysical,0,TsuchigumoMiniatureDigital,0,TsuchigumoMiniaturePhysical,0,GashadokuroMiniatureDigital,0,GashadokuroMiniaturePhysical,0,CastleDigital,0,CastlePhysical,0,UltimateCastleWalls,0,UltimateCastleWalls1,0,CastleGateTower,0,CastleGateTower1,0,CastleGateTower2,0,CastleGateTower3,0,LanternsSetDigital,0,LanternsSetPhysical,0,BridgesSetDigital,0,BridgesSetPhysical,0,PondsSetDigital,0,PondsSetPhysical,0,SmallToriiPhysical,0,LargeToriiPhysical,0,ZenGardenDigital,0,ZenGardenPhysical,0,TemplePagodaDigital,0,TemplePagodaPhysical,0,TeahouseDigital,0,TeahousePhysical,0,SumoRingDigital,0,SumoRingPhysical,0,ShrineSetDigital,0,ShrineSetPhysical,0,UltimateStoneWalls,0,UltimateStoneWalls1,0,UltimateWoodenWalls,0,UltimateWoodenWalls1,0,FarmhouseVariation1,0,FarmhouseSetDigital,0,ToriiSetDigital,0,FarmhouseVariation2,0,RuinedHutDigital,0,RuinedHutPhysical,0,FarmyardSetDigital,0,FarmyardSetPhysical,0,MarketStallsSet,0,MarketStallsSet1,0,Jdthornhill1266@outlook.com,Jonathan Thornhill,United States,Both digital and physical,,
140,1970120846,Donna Potier,donnapotier@gmail.com,US,$0.00,Heaven's Will - Physical,$624.00,10831509,$0.00,$624.00,$0.00,$624.00,"2025/11/22, 17:56",false,false,Not provided,collected,,0,0,0,0,0,0,0,0,0,0,0,0,0,0,0,0,0,0,0,0,0,0,0,0,0,0,0,0,0,0,0,0,0,0,0,0,0,0,0,0,0,0,0,0,0,0,0,0,0,0,0,0,0,0,0,0,0,0,0,0,0,0,0,0,0,0,0,0,0,0,0,0,0,0,1,0,1,0,4,0,1,0,0,0,0,0,0,0,0,0,0,0,0,0,0,0,0,0,0,0,0,0,0,0,0,0,0,0,0,0,0,0,0,0,0,0,0,0,0,0,0,0,0,0,0,0,0,0,0,0,0,0,0,0,0,0,0,0,0,0,0,0,0,0,"2025/12/12, 23:47",Donna Mae Potier,37002 Oliver Road,"",Gueydan,LA,70542,United States,US,+13372889136,,AccesstoAddons,1,ShoshinThePath,0,ShoshinThePath1,1,StarterClanDigital,0,StarterClanPhysical,4,YokaiSetDigital,0,YokaiSetPhysical,1,OniMiniatureDigital,0,OniMiniaturePhysical,0,KitsuneMiniatureDigital,0,KitsuneMiniaturePhysical,0,TanukiMiniatureDigital,0,TanukiMiniaturePhysical,0,TenguMiniatureDigital,0,TenguMiniaturePhysical,0,KappaMiniatureDigital,0,KappaMiniaturePhysical,0,YureiMiniatureDigital,0,YureiMiniaturePhysical,0,ItsumadeMiniatureDigital,0,ItsumadeMiniaturePhysical,0,AmeOnnaMiniature,0,AmeOnnaMiniature1,0,NureOnnaMiniature,0,NureOnnaMiniature1,0,JubokkuMiniatureDigital,0,JubokkuMiniaturePhysical,0,TsuchigumoMiniatureDigital,0,TsuchigumoMiniaturePhysical,0,GashadokuroMiniatureDigital,0,GashadokuroMiniaturePhysical,0,CastleDigital,0,CastlePhysical,0,UltimateCastleWalls,0,UltimateCastleWalls1,0,CastleGateTower,0,CastleGateTower1,0,CastleGateTower2,0,CastleGateTower3,0,LanternsSetDigital,0,LanternsSetPhysical,0,BridgesSetDigital,0,BridgesSetPhysical,0,PondsSetDigital,0,PondsSetPhysical,0,SmallToriiPhysical,0,LargeToriiPhysical,0,ZenGardenDigital,0,ZenGardenPhysical,0,TemplePagodaDigital,0,TemplePagodaPhysical,0,TeahouseDigital,0,TeahousePhysical,0,SumoRingDigital,0,SumoRingPhysical,0,ShrineSetDigital,0,ShrineSetPhysical,0,UltimateStoneWalls,0,UltimateStoneWalls1,0,UltimateWoodenWalls,0,UltimateWoodenWalls1,0,FarmhouseVariation1,0,FarmhouseSetDigital,0,ToriiSetDigital,0,FarmhouseVariation2,0,RuinedHutDigital,0,RuinedHutPhysical,0,FarmyardSetDigital,0,FarmyardSetPhysical,0,MarketStallsSet,0,MarketStallsSet1,0,donnapotier@gmail.com,,United States,Both digital and physical,$0.00,
141,897675835,Walter Lam,lwallaml@gmail.com,US,$0.00,Oath of Honor - Physical,$173.00,10831489,$0.00,$173.00,$0.00,$173.00,"2025/11/22, 18:51",false,false,Not provided,collected,,0,0,0,0,0,0,0,0,0,0,0,0,0,0,0,0,0,0,0,0,0,0,0,0,0,0,0,0,0,0,0,0,0,0,0,0,0,0,0,0,0,0,0,0,0,0,0,0,0,0,0,0,0,0,0,0,0,0,0,0,0,0,0,0,0,0,0,0,0,0,0,0,0,0,1,0,1,0,1,0,0,0,0,0,0,0,0,0,0,0,0,0,0,0,0,0,0,0,0,0,0,0,0,0,0,0,0,0,0,0,0,0,0,0,0,0,0,0,0,0,0,0,0,0,0,0,0,0,0,0,0,0,0,0,0,0,0,0,0,0,0,0,0,0,"2025/12/11, 14:55",Walter Lam,2320 Laurel St,,New Orleans,LA,70130-5508,United States,US,+14088282536,,AccesstoAddons,1,ShoshinThePath,0,ShoshinThePath1,1,StarterClanDigital,0,StarterClanPhysical,1,YokaiSetDigital,0,YokaiSetPhysical,0,OniMiniatureDigital,0,OniMiniaturePhysical,0,KitsuneMiniatureDigital,0,KitsuneMiniaturePhysical,0,TanukiMiniatureDigital,0,TanukiMiniaturePhysical,0,TenguMiniatureDigital,0,TenguMiniaturePhysical,0,KappaMiniatureDigital,0,KappaMiniaturePhysical,0,YureiMiniatureDigital,0,YureiMiniaturePhysical,0,ItsumadeMiniatureDigital,0,ItsumadeMiniaturePhysical,0,AmeOnnaMiniature,0,AmeOnnaMiniature1,0,NureOnnaMiniature,0,NureOnnaMiniature1,0,JubokkuMiniatureDigital,0,JubokkuMiniaturePhysical,0,TsuchigumoMiniatureDigital,0,TsuchigumoMiniaturePhysical,0,GashadokuroMiniatureDigital,0,GashadokuroMiniaturePhysical,0,CastleDigital,0,CastlePhysical,0,UltimateCastleWalls,0,UltimateCastleWalls1,0,CastleGateTower,0,CastleGateTower1,0,CastleGateTower2,0,CastleGateTower3,0,LanternsSetDigital,0,LanternsSetPhysical,0,BridgesSetDigital,0,BridgesSetPhysical,0,PondsSetDigital,0,PondsSetPhysical,0,SmallToriiPhysical,0,LargeToriiPhysical,0,ZenGardenDigital,0,ZenGardenPhysical,0,TemplePagodaDigital,0,TemplePagodaPhysical,0,TeahouseDigital,0,TeahousePhysical,0,SumoRingDigital,0,SumoRingPhysical,0,ShrineSetDigital,0,ShrineSetPhysical,0,UltimateStoneWalls,0,UltimateStoneWalls1,0,UltimateWoodenWalls,0,UltimateWoodenWalls1,0,FarmhouseVariation1,0,FarmhouseSetDigital,0,ToriiSetDigital,0,FarmhouseVariation2,0,RuinedHutDigital,0,RuinedHutPhysical,0,FarmyardSetDigital,0,FarmyardSetPhysical,0,MarketStallsSet,0,MarketStallsSet1,0,lwallaml@gmail.com,Walter,United States,Physical miniatures only,$0.00,
142,1674397449,Flying Monkey Comics and Games,flyingmonkeycomicsandgames@gmail.com,US,$0.00,Path of Ascension,$89.00,10532079,$0.00,$89.00,$0.00,$89.00,"2025/11/22, 20:51",false,false,Not provided,collected,,0,0,0,0,0,0,0,0,0,0,0,0,0,0,0,0,0,0,0,0,0,0,0,0,0,0,0,0,0,0,0,0,0,0,0,0,0,0,0,0,0,0,0,0,0,0,0,0,0,0,0,0,0,0,0,0,0,0,0,0,0,0,0,0,0,0,0,0,0,0,0,0,0,0,1,0,1,0,0,0,0,0,0,0,0,0,0,0,0,0,0,0,0,0,0,0,0,0,0,0,0,0,0,0,0,0,0,0,0,0,0,0,0,0,0,0,0,0,0,0,0,0,0,0,0,0,0,0,0,0,0,0,0,0,0,0,0,0,0,0,0,0,0,0,,Flying Monkey Comics and Games,,,,,,,,,,AccesstoAddons,,ShoshinThePath,,ShoshinThePath1,,StarterClanDigital,,StarterClanPhysical,,YokaiSetDigital,,YokaiSetPhysical,,OniMiniatureDigital,,OniMiniaturePhysical,,KitsuneMiniatureDigital,,KitsuneMiniaturePhysical,,TanukiMiniatureDigital,,TanukiMiniaturePhysical,,TenguMiniatureDigital,,TenguMiniaturePhysical,,KappaMiniatureDigital,,KappaMiniaturePhysical,,YureiMiniatureDigital,,YureiMiniaturePhysical,,ItsumadeMiniatureDigital,,ItsumadeMiniaturePhysical,,AmeOnnaMiniature,,AmeOnnaMiniature1,,NureOnnaMiniature,,NureOnnaMiniature1,,JubokkuMiniatureDigital,,JubokkuMiniaturePhysical,,TsuchigumoMiniatureDigital,,TsuchigumoMiniaturePhysical,,GashadokuroMiniatureDigital,,GashadokuroMiniaturePhysical,,CastleDigital,,CastlePhysical,,UltimateCastleWalls,,UltimateCastleWalls1,,CastleGateTower,,CastleGateTower1,,CastleGateTower2,,CastleGateTower3,,LanternsSetDigital,,LanternsSetPhysical,,BridgesSetDigital,,BridgesSetPhysical,,PondsSetDigital,,PondsSetPhysical,,SmallToriiPhysical,,LargeToriiPhysical,,ZenGardenDigital,,ZenGardenPhysical,,TemplePagodaDigital,,TemplePagodaPhysical,,TeahouseDigital,,TeahousePhysical,,SumoRingDigital,,SumoRingPhysical,,ShrineSetDigital,,ShrineSetPhysical,,UltimateStoneWalls,,UltimateStoneWalls1,,UltimateWoodenWalls,,UltimateWoodenWalls1,,FarmhouseVariation1,,FarmhouseSetDigital,,ToriiSetDigital,,FarmhouseVariation2,,RuinedHutDigital,,RuinedHutPhysical,,FarmyardSetDigital,,FarmyardSetPhysical,,MarketStallsSet,,MarketStallsSet1,,,,,,$0.00,
143,112101408,Kyle Marshall,metalfrogman@gmail.com,US,$0.00,Heaven's Will - Physical,$837.00,10831509,$0.00,$837.00,$0.00,$837.00,"2025/11/22, 23:42",true,false,Not provided,collected,,0,0,0,0,0,0,0,0,0,0,0,0,0,0,0,0,0,0,0,0,0,0,0,0,0,0,0,0,0,0,0,0,0,0,0,0,1,1,0,0,0,0,0,0,0,0,0,0,0,1,0,0,0,0,1,0,0,0,0,0,0,0,0,0,0,0,0,0,0,0,0,0,0,0,1,0,1,0,4,0,1,0,0,0,0,0,0,0,0,0,0,0,0,0,0,0,0,0,0,0,0,0,0,0,0,0,0,0,0,0,0,0,0,0,0,0,0,1,1,0,0,0,0,0,0,0,1,0,0,0,0,1,0,0,0,0,0,0,0,0,0,0,0,0,"2025/12/11, 16:12",Kyle Marshall,5401 Warbler Ln,"",West Richland,WA,99353-5732,United States,US,5094384197,,AccesstoAddons,1,ShoshinThePath,0,ShoshinThePath1,1,StarterClanDigital,0,StarterClanPhysical,4,YokaiSetDigital,0,YokaiSetPhysical,1,OniMiniatureDigital,0,OniMiniaturePhysical,0,KitsuneMiniatureDigital,0,KitsuneMiniaturePhysical,0,TanukiMiniatureDigital,0,TanukiMiniaturePhysical,0,TenguMiniatureDigital,0,TenguMiniaturePhysical,0,KappaMiniatureDigital,0,KappaMiniaturePhysical,0,YureiMiniatureDigital,0,YureiMiniaturePhysical,0,ItsumadeMiniatureDigital,0,ItsumadeMiniaturePhysical,0,AmeOnnaMiniature,0,AmeOnnaMiniature1,0,NureOnnaMiniature,0,NureOnnaMiniature1,0,JubokkuMiniatureDigital,0,JubokkuMiniaturePhysical,0,TsuchigumoMiniatureDigital,0,TsuchigumoMiniaturePhysical,0,GashadokuroMiniatureDigital,0,GashadokuroMiniaturePhysical,0,CastleDigital,0,CastlePhysical,0,UltimateCastleWalls,0,UltimateCastleWalls1,0,CastleGateTower,0,CastleGateTower1,0,CastleGateTower2,0,CastleGateTower3,0,LanternsSetDigital,0,LanternsSetPhysical,1,BridgesSetDigital,0,BridgesSetPhysical,1,PondsSetDigital,0,PondsSetPhysical,1,SmallToriiPhysical,0,LargeToriiPhysical,1,ZenGardenDigital,0,ZenGardenPhysical,0,TemplePagodaDigital,0,TemplePagodaPhysical,0,TeahouseDigital,0,TeahousePhysical,0,SumoRingDigital,0,SumoRingPhysical,0,ShrineSetDigital,0,ShrineSetPhysical,0,UltimateStoneWalls,0,UltimateStoneWalls1,0,UltimateWoodenWalls,0,UltimateWoodenWalls1,0,FarmhouseVariation1,0,FarmhouseSetDigital,0,ToriiSetDigital,0,FarmhouseVariation2,0,RuinedHutDigital,0,RuinedHutPhysical,0,FarmyardSetDigital,0,FarmyardSetPhysical,0,MarketStallsSet,0,MarketStallsSet1,0,metalfrogman@gmail.com,Kyle Marshall,United States,Physical miniatures only,$0.00,
144,1665478711,Ryan,ryanjanderson0614@gmail.com,US,$0.00,Path of Ascension,$96.00,10532079,$0.00,$96.00,$0.00,$96.00,"2025/11/23, 18:18",true,false,Not provided,collected,,0,0,0,0,0,0,0,0,0,0,0,0,0,0,0,0,0,0,0,0,0,0,0,0,0,0,0,0,0,0,0,0,0,0,0,0,0,0,0,0,0,0,0,0,0,0,0,0,0,0,0,0,0,0,0,0,0,0,0,0,0,0,0,0,0,0,0,0,0,0,0,0,0,0,1,0,1,0,0,0,0,0,0,0,0,0,0,0,0,0,0,0,0,0,0,0,0,0,0,0,0,0,0,0,0,0,0,0,0,0,0,0,0,0,0,0,0,0,0,0,0,0,0,0,0,0,0,0,0,0,0,0,0,0,0,0,0,0,0,0,0,0,0,0,"2025/12/10, 21:19",Ryan Anderson,PO Box 1153,"",Poth,TX,78147-1153,United States,US,+18303913076,,AccesstoAddons,1,ShoshinThePath,0,ShoshinThePath1,1,StarterClanDigital,0,StarterClanPhysical,0,YokaiSetDigital,0,YokaiSetPhysical,0,OniMiniatureDigital,0,OniMiniaturePhysical,0,KitsuneMiniatureDigital,0,KitsuneMiniaturePhysical,0,TanukiMiniatureDigital,0,TanukiMiniaturePhysical,0,TenguMiniatureDigital,0,TenguMiniaturePhysical,0,KappaMiniatureDigital,0,KappaMiniaturePhysical,0,YureiMiniatureDigital,0,YureiMiniaturePhysical,0,ItsumadeMiniatureDigital,0,ItsumadeMiniaturePhysical,0,AmeOnnaMiniature,0,AmeOnnaMiniature1,0,NureOnnaMiniature,0,NureOnnaMiniature1,0,JubokkuMiniatureDigital,0,JubokkuMiniaturePhysical,0,TsuchigumoMiniatureDigital,0,TsuchigumoMiniaturePhysical,0,GashadokuroMiniatureDigital,0,GashadokuroMiniaturePhysical,0,CastleDigital,0,CastlePhysical,0,UltimateCastleWalls,0,UltimateCastleWalls1,0,CastleGateTower,0,CastleGateTower1,0,CastleGateTower2,0,CastleGateTower3,0,LanternsSetDigital,0,LanternsSetPhysical,0,BridgesSetDigital,0,BridgesSetPhysical,0,PondsSetDigital,0,PondsSetPhysical,0,SmallToriiPhysical,0,LargeToriiPhysical,0,ZenGardenDigital,0,ZenGardenPhysical,0,TemplePagodaDigital,0,TemplePagodaPhysical,0,TeahouseDigital,0,TeahousePhysical,0,SumoRingDigital,0,SumoRingPhysical,0,ShrineSetDigital,0,ShrineSetPhysical,0,UltimateStoneWalls,0,UltimateStoneWalls1,0,UltimateWoodenWalls,0,UltimateWoodenWalls1,0,FarmhouseVariation1,0,FarmhouseSetDigital,0,ToriiSetDigital,0,FarmhouseVariation2,0,RuinedHutDigital,0,RuinedHutPhysical,0,FarmyardSetDigital,0,FarmyardSetPhysical,0,MarketStallsSet,0,MarketStallsSet1,0,ryanjanderson0614@gmail.com,Ryan Anderson,United States,"Not applicable to my pledge (Book, Boxset, Bonus Support)",$0.00,
145,299265654,Kelly Shriver,kelly.shriver@gmail.com,US,$0.00,Beginner's Mind,$59.00,10532073,$0.00,$59.00,$0.00,$59.00,"2025/12/01, 04:05",true,false,Not provided,collected,,0,0,0,0,0,0,0,0,0,0,0,0,0,0,0,0,0,0,0,0,0,0,0,0,0,0,0,0,0,0,0,0,0,0,0,0,0,0,0,0,0,0,0,0,0,0,0,0,0,0,0,0,0,0,0,0,0,0,0,0,0,0,0,0,0,0,0,0,0,0,0,0,0,0,1,1,0,0,0,0,0,0,0,0,0,0,0,0,0,0,0,0,0,0,0,0,0,0,0,0,0,0,0,0,0,0,0,0,0,0,0,0,0,0,0,0,0,0,0,0,0,0,0,0,0,0,0,0,0,0,0,0,0,0,0,0,0,0,0,0,0,0,0,0,"2025/12/11, 00:54",Enoch Shriver,6305 SE 18th Ave,,Portland,OR,97202-5429,United States,US,+12063007162,,AccesstoAddons,1,ShoshinThePath,1,ShoshinThePath1,0,StarterClanDigital,0,StarterClanPhysical,0,YokaiSetDigital,0,YokaiSetPhysical,0,OniMiniatureDigital,0,OniMiniaturePhysical,0,KitsuneMiniatureDigital,0,KitsuneMiniaturePhysical,0,TanukiMiniatureDigital,0,TanukiMiniaturePhysical,0,TenguMiniatureDigital,0,TenguMiniaturePhysical,0,KappaMiniatureDigital,0,KappaMiniaturePhysical,0,YureiMiniatureDigital,0,YureiMiniaturePhysical,0,ItsumadeMiniatureDigital,0,ItsumadeMiniaturePhysical,0,AmeOnnaMiniature,0,AmeOnnaMiniature1,0,NureOnnaMiniature,0,NureOnnaMiniature1,0,JubokkuMiniatureDigital,0,JubokkuMiniaturePhysical,0,TsuchigumoMiniatureDigital,0,TsuchigumoMiniaturePhysical,0,GashadokuroMiniatureDigital,0,GashadokuroMiniaturePhysical,0,CastleDigital,0,CastlePhysical,0,UltimateCastleWalls,0,UltimateCastleWalls1,0,CastleGateTower,0,CastleGateTower1,0,CastleGateTower2,0,CastleGateTower3,0,LanternsSetDigital,0,LanternsSetPhysical,0,BridgesSetDigital,0,BridgesSetPhysical,0,PondsSetDigital,0,PondsSetPhysical,0,SmallToriiPhysical,0,LargeToriiPhysical,0,ZenGardenDigital,0,ZenGardenPhysical,0,TemplePagodaDigital,0,TemplePagodaPhysical,0,TeahouseDigital,0,TeahousePhysical,0,SumoRingDigital,0,SumoRingPhysical,0,ShrineSetDigital,0,ShrineSetPhysical,0,UltimateStoneWalls,0,UltimateStoneWalls1,0,UltimateWoodenWalls,0,UltimateWoodenWalls1,0,FarmhouseVariation1,0,FarmhouseSetDigital,0,ToriiSetDigital,0,FarmhouseVariation2,0,RuinedHutDigital,0,RuinedHutPhysical,0,FarmyardSetDigital,0,FarmyardSetPhysical,0,MarketStallsSet,0,MarketStallsSet1,0,kelly.shriver@gmail.com,Kelly Shriver,United States,"Not applicable to my pledge (Book, Boxset, Bonus Support)",$0.00,
